Year,Make,Model,Trim,Body Style
1899,"Packard","Model A","NoName",""
1900,"Packard","Model B","NoName",""
1901,"Oldsmobile","Model R","NoName",""
1901,"Packard","Model C","NoName",""
1902,"Franklin","Runabout","NoName","Coupe"
1902,"Oldsmobile","Model R","NoName",""
1902,"Packard","Model F","NoName",""
1903,"Franklin","Runabout","NoName","Coupe"
1903,"Cadillac","Model A","NoName",""
1903,"Ford","Model A","NoName","Convertible"
1903,"Oldsmobile","Model R","NoName",""
1903,"Packard","Model F","NoName",""
1903,"Packard","Model K","NoName",""
1903,"Studebaker","Model A","NoName",""
1904,"Auburn","Model A","NoName","Convertible"
1904,"Franklin","Type A","NoName","Coupe"
1904,"Franklin","Type C","NoName","Coupe"
1904,"Franklin","Type E","NoName","Coupe"
1904,"Franklin","Type B","NoName","Coupe"
1904,"Franklin","Type D","NoName","Coupe"
1904,"Franklin","Type F","NoName","Sedan"
1904,"Cadillac","Model A","NoName",""
1904,"Cadillac","Model B","NoName",""
1904,"Ford","Model A","NoName","Convertible"
1904,"Ford","Model B","NoName","Regular Cab Pickup"
1904,"Ford","Model C","NoName",""
1904,"Oldsmobile","Model LT","NoName",""
1904,"Oldsmobile","Model R","NoName",""
1904,"Oldsmobile","Model TR","NoName",""
1904,"Packard","Model L","NoName",""
1904,"Studebaker","Model A","NoName",""
1904,"Studebaker","Model B","NoName",""
1904,"Studebaker","Model C","NoName",""
1905,"Auburn","Model B","NoName","Convertible"
1905,"Franklin","Type A","NoName","Coupe"
1905,"Franklin","Type C","NoName","Coupe"
1905,"Franklin","Type E","NoName","Coupe"
1905,"Franklin","Type B","NoName","Coupe"
1905,"Franklin","Type D","NoName","Sedan"
1905,"Buick","Model C","NoName",""
1905,"Cadillac","Model D","NoName",""
1905,"Cadillac","Model E","NoName",""
1905,"Cadillac","Model B","NoName",""
1905,"Cadillac","Model F","NoName",""
1905,"Ford","Model C","NoName",""
1905,"Ford","Model F","NoName",""
1905,"Oldsmobile","Model B","NoName",""
1905,"Oldsmobile","Model LT","NoName",""
1905,"Oldsmobile","Model TR","NoName",""
1905,"Packard","Model N","NoName",""
1905,"Studebaker","Model 9503","NoName",""
1905,"Studebaker","Model 9502","NoName",""
1906,"Auburn","Model C","NoName","Convertible"
1906,"Franklin","Type E","NoName","Coupe"
1906,"Franklin","Type G","NoName","Sedan"
1906,"Franklin","Type D","NoName","Coupe"
1906,"Franklin","Type H","NoName","Sedan"
1906,"Buick","Model G","NoName",""
1906,"Buick","Model F","NoName",""
1906,"Cadillac","Model H","NoName",""
1906,"Cadillac","Model L","NoName",""
1906,"Cadillac","Model K","NoName",""
1906,"Cadillac","Model M","NoName",""
1906,"Ford","Model F","NoName",""
1906,"Ford","Model N","NoName",""
1906,"Ford","Model K","NoName",""
1906,"Oldsmobile","Model B","NoName",""
1906,"Oldsmobile","Model L","NoName",""
1906,"Oldsmobile","Model S","NoName",""
1906,"Packard","Model 24","NoName",""
1906,"Packard","Model S","NoName",""
1906,"Studebaker","Model E-20","NoName",""
1906,"Studebaker","Model F-284","NoName",""
1906,"Studebaker","Model G-304","NoName",""
1907,"Auburn","Model D","NoName","Convertible"
1907,"Franklin","Model D","NoName","Sedan"
1907,"Franklin","Model G","NoName","Coupe"
1907,"Franklin","Model H","NoName","Sedan"
1907,"Buick","Model D","NoName",""
1907,"Buick","Model G","NoName",""
1907,"Buick","Model H","NoName",""
1907,"Buick","Model F","NoName",""
1907,"Buick","Model K","NoName",""
1907,"Buick","Model S","NoName",""
1907,"Cadillac","Model G","NoName",""
1907,"Cadillac","Model H","NoName",""
1907,"Cadillac","Model K","NoName",""
1907,"Cadillac","Model M","NoName",""
1907,"Ford","Model N","NoName",""
1907,"Ford","Model R","NoName",""
1907,"Ford","Model S","NoName",""
1907,"Oldsmobile","Model H","NoName",""
1907,"Oldsmobile","Model A","NoName",""
1907,"Oldsmobile","Model F","NoName",""
1907,"Packard","Model 30","NoName",""
1907,"Packard","Model U","NoName",""
1907,"Studebaker","Model G","NoName",""
1907,"Studebaker","Model H","NoName",""
1907,"Studebaker","Model L","NoName",""
1907,"International","A","Auto Wagon","SUV"
1908,"Auburn","Model G","NoName","Convertible"
1908,"Auburn","Model H","NoName","Convertible"
1908,"Auburn","Model K","NoName","Convertible"
1908,"Franklin","Model D","NoName","Sedan"
1908,"Franklin","Model G","NoName","Coupe"
1908,"Franklin","Model H","NoName","Sedan"
1908,"Buick","Model 10","NoName",""
1908,"Buick","Model 5","NoName",""
1908,"Buick","Model D","NoName",""
1908,"Buick","Model G","NoName",""
1908,"Buick","Model F","NoName",""
1908,"Buick","Model S","NoName",""
1908,"Cadillac","Model G","NoName",""
1908,"Cadillac","Model H","NoName",""
1908,"Cadillac","Model S","NoName",""
1908,"Cadillac","Model T","NoName",""
1908,"Cadillac","Model M","NoName",""
1908,"Ford","Model N","NoName",""
1908,"Ford","Model K","NoName",""
1908,"Ford","Model R","NoName",""
1908,"Ford","Model S","NoName",""
1908,"Ford","Model T","NoName","Regular Cab Pickup"
1908,"Oldsmobile","Model X","NoName",""
1908,"Oldsmobile","Model Z","NoName",""
1908,"Packard","Model 30","NoName",""
1908,"Packard","Model UA","NoName",""
1908,"Studebaker","Model D","NoName",""
1908,"Studebaker","Model H","NoName",""
1908,"Studebaker","Model A","NoName",""
1908,"Studebaker","Model B","NoName",""
1908,"Studebaker","Model C","NoName",""
1908,"International","A","Auto Wagon","SUV"
1909,"Auburn","Model D","NoName","Convertible"
1909,"Auburn","Model G","NoName","Convertible"
1909,"Auburn","Model H","NoName","Convertible"
1909,"Auburn","Model B","NoName","Convertible"
1909,"Auburn","Model C","NoName","Convertible"
1909,"Auburn","Model K","NoName","Convertible"
1909,"Franklin","Model D","NoName","Sedan"
1909,"Franklin","Model G","NoName","Coupe"
1909,"Franklin","Model H","NoName","Sedan"
1909,"Buick","Model 10","NoName",""
1909,"Buick","Model 7","NoName",""
1909,"Buick","Model 6","NoName",""
1909,"Buick","Model G","NoName",""
1909,"Buick","Model F","NoName",""
1909,"Cadillac","Model 30","NoName",""
1909,"Ford","Model T","NoName","Regular Cab Pickup"
1909,"Oldsmobile","Model D","NoName",""
1909,"Oldsmobile","Model DR","NoName",""
1909,"Oldsmobile","Model X","NoName",""
1909,"Oldsmobile","Model Z","NoName",""
1909,"Packard","Model 18","NoName",""
1909,"Packard","Model 30","UB/UBS",""
1909,"Packard","Model NA","NoName",""
1909,"Studebaker","Model D","NoName",""
1909,"Studebaker","Model A","NoName",""
1909,"Studebaker","Model B","NoName",""
1909,"Studebaker","Model C","NoName",""
1909,"International","A","Auto Wagon","SUV"
1910,"Auburn","Model D","NoName","Convertible"
1910,"Auburn","Model G","NoName","Convertible"
1910,"Auburn","Model H","NoName","Convertible"
1910,"Auburn","Model B","NoName","Convertible"
1910,"Auburn","Model C","NoName","Convertible"
1910,"Auburn","Model K","NoName","Convertible"
1910,"Auburn","Model R","NoName","Convertible"
1910,"Auburn","Model S","NoName","Convertible"
1910,"Auburn","Model X","NoName","Convertible"
1910,"Franklin","Model D","NoName","Sedan"
1910,"Franklin","Model G","NoName","Coupe"
1910,"Franklin","Model H","NoName","Sedan"
1910,"Franklin","Model K","NoName","Coupe"
1910,"Hupmobile","Model 20","NoName","Coupe"
1910,"Buick","Model 10","NoName",""
1910,"Buick","Model 16","NoName",""
1910,"Buick","Model 41","NoName",""
1910,"Buick","Model 14","NoName",""
1910,"Buick","Model 17","NoName",""
1910,"Buick","Model 19","NoName",""
1910,"Buick","Model F","NoName",""
1910,"Cadillac","Model 30","NoName",""
1910,"Ford","Model T","NoName","Regular Cab Pickup"
1910,"Oldsmobile","Limited","NoName",""
1910,"Oldsmobile","Special","NoName",""
1910,"Hudson","Model 20","NoName",""
1910,"Packard","Model 18","NoName",""
1910,"Packard","Model 30","NoName",""
1910,"Studebaker","Model G-7","NoName",""
1910,"Studebaker","Model H","NoName",""
1910,"Studebaker","Model M","NoName",""
1910,"International","A","Auto Wagon","SUV"
1911,"Auburn","Model G","NoName","Convertible"
1911,"Auburn","Model L","NoName","Convertible"
1911,"Auburn","Model F","NoName","Convertible"
1911,"Auburn","Model N","NoName","Convertible"
1911,"Auburn","Model K","NoName","Convertible"
1911,"Auburn","Model T","NoName","Convertible"
1911,"Auburn","Model M","NoName","Convertible"
1911,"Auburn","Model Y","NoName","Convertible"
1911,"Franklin","Model D","NoName","Sedan"
1911,"Franklin","Model G","NoName","Coupe"
1911,"Franklin","Model H","NoName","Sedan"
1911,"Franklin","Model M","NoName","Sedan"
1911,"Hupmobile","Model 20","NoName","Coupe"
1911,"Hupmobile","Model 20","NoName","Sedan"
1911,"Buick","Model 27","NoName",""
1911,"Buick","Model 32","NoName",""
1911,"Buick","Model 38","NoName",""
1911,"Buick","Model 14","NoName",""
1911,"Buick","Model 21","NoName",""
1911,"Buick","Model 26","NoName",""
1911,"Buick","Model 33","NoName",""
1911,"Buick","Model 39","NoName",""
1911,"Cadillac","Model 30","NoName",""
1911,"Ford","Model T","NoName","Regular Cab Pickup"
1911,"Oldsmobile","Autocrat","NoName",""
1911,"Oldsmobile","Limited","NoName",""
1911,"Oldsmobile","Special","NoName",""
1911,"Hudson","Model 20","NoName",""
1911,"Hudson","Model 33","NoName",""
1911,"Packard","Model 18","NoName",""
1911,"Studebaker","Model G-8","NoName",""
1911,"International","A","Auto Wagon","SUV"
1912,"Auburn","Model 35L","NoName","Convertible"
1912,"Auburn","Model 40H","NoName","Convertible"
1912,"Auburn","Model 40M","NoName","Convertible"
1912,"Auburn","Model 30L","NoName","Convertible"
1912,"Auburn","Model 40N","NoName","Convertible"
1912,"Auburn","Model 6-50","NoName","Convertible"
1912,"Franklin","Model D","NoName","Sedan"
1912,"Franklin","Model G","NoName","Coupe"
1912,"Franklin","Model H","NoName","Sedan"
1912,"Franklin","Model K","NoName","Coupe"
1912,"Franklin","Model M","NoName","Sedan"
1912,"Hupmobile","Model 20","NoName","Convertible"
1912,"Hupmobile","Model 20","NoName","Coupe"
1912,"Hupmobile","Model 20","NoName","Sedan"
1912,"Hupmobile","Model 32","NoName","Coupe"
1912,"Buick","Model 29","NoName",""
1912,"Buick","Model 34","NoName",""
1912,"Buick","Model 36","NoName",""
1912,"Buick","Model 43","NoName",""
1912,"Buick","Model 28","NoName",""
1912,"Buick","Model 35","NoName",""
1912,"Cadillac","Model 30","NoName",""
1912,"Chevrolet","Classic Six","NoName",""
1912,"Ford","Model T","NoName","Regular Cab Pickup"
1912,"Oldsmobile","Autocrat","NoName",""
1912,"Oldsmobile","Defender","NoName","Sedan"
1912,"Oldsmobile","Limited","NoName",""
1912,"Hudson","Model 33","NoName",""
1912,"Packard","Model 18","NoName",""
1912,"Packard","Model 30","NoName",""
1912,"Packard","Model 1-48","NoName",""
1912,"International","AW","Panel Express","SUV"
1912,"International","MW","Canopy Express",""
1912,"International","MW","Panel Express",""
1913,"Auburn","Model 45","NoName","Convertible"
1913,"Auburn","Model 33L","NoName","Convertible"
1913,"Auburn","Model 33M","NoName","Convertible"
1913,"Auburn","Model 40A","NoName","Convertible"
1913,"Auburn","Model 40L","NoName","Convertible"
1913,"Auburn","Model 45B","NoName","Coupe"
1913,"Auburn","Model 50","NoName","Convertible"
1913,"Franklin","Model D","NoName","Sedan"
1913,"Franklin","Model G","NoName","Coupe"
1913,"Franklin","Model K","NoName","Sedan"
1913,"Franklin","Model M","NoName","Sedan"
1913,"Hupmobile","Model 20","NoName","Convertible"
1913,"Hupmobile","Model 20","NoName","Coupe"
1913,"Hupmobile","Model 32","NoName","Convertible"
1913,"Hupmobile","Model 32","NoName","Coupe"
1913,"Hupmobile","Model 32","NoName","Sedan"
1913,"Buick","Model 25","NoName",""
1913,"Buick","Model 30","NoName",""
1913,"Buick","Model 24","NoName",""
1913,"Buick","Model 31","NoName",""
1913,"Buick","Model 40","NoName",""
1913,"Cadillac","Model 30","NoName",""
1913,"Chevrolet","Classic Six","NoName",""
1913,"Ford","Model T","NoName","Regular Cab Pickup"
1913,"Oldsmobile","Defender","NoName","Sedan"
1913,"Oldsmobile","Model 59","NoName",""
1913,"Hudson","Model 54","NoName",""
1913,"Hudson","Model 37","NoName",""
1913,"Packard","Model 1-38","NoName",""
1913,"Studebaker","AA35","NoName",""
1913,"Studebaker","Model E","NoName",""
1913,"Studebaker","SA25","NoName",""
1913,"International","AA","Panel Express","SUV"
1913,"International","AW","Panel Express","SUV"
1913,"International","MA","Panel Express",""
1913,"International","MW","Panel Express",""
1914,"Auburn","Model 4-41","NoName","Convertible"
1914,"Auburn","Model 4-40","NoName","Coupe"
1914,"Auburn","Model 6-45","NoName","Convertible"
1914,"Franklin","Model Six-30","NoName","Sedan"
1914,"Hupmobile","Model 32","NoName","Convertible"
1914,"Hupmobile","Model 32","NoName","Coupe"
1914,"Hupmobile","Model 32","NoName","Sedan"
1914,"Buick","Model B","NoName",""
1914,"Cadillac","Model 30","NoName",""
1914,"Chevrolet","Series C","NoName",""
1914,"Chevrolet","Series H2","NoName",""
1914,"Chevrolet","Series H4","NoName",""
1914,"Chevrolet","Series L","NoName",""
1914,"Dodge","Model 30-35","NoName",""
1914,"Ford","Model T","NoName","Regular Cab Pickup"
1914,"Oldsmobile","Model 54","NoName",""
1914,"Oldsmobile","Model 42","NoName",""
1914,"Hudson","Model 54","NoName",""
1914,"Hudson","Model 40","NoName",""
1914,"Packard","Model 4-48","NoName",""
1914,"Packard","Model 2-38","NoName",""
1914,"Packard","Model 3-48","NoName",""
1914,"International","AA","Panel Express","SUV"
1914,"International","AW","Panel Express","SUV"
1914,"International","MA","Panel Express",""
1914,"International","MW","Panel Express",""
1915,"Auburn","Model 6-40","NoName","Coupe"
1915,"Auburn","Model 4-36","NoName","Convertible"
1915,"Auburn","Model 6-47","NoName","Convertible"
1915,"Auburn","Model 4-43","NoName","Convertible"
1915,"Franklin","Model Six-30","NoName","Sedan"
1915,"Hupmobile","Model 32","NoName","Convertible"
1915,"Hupmobile","Model 32","NoName","Sedan"
1915,"Hupmobile","Model K","NoName","Convertible"
1915,"Hupmobile","Model K","NoName","Coupe"
1915,"Hupmobile","Model K","NoName","Sedan"
1915,"Buick","Model C","NoName",""
1915,"Cadillac","Type 51","NoName",""
1915,"Chevrolet","Series H3","NoName",""
1915,"Chevrolet","Series H2","NoName",""
1915,"Chevrolet","Series H4","NoName",""
1915,"Chevrolet","Series L","NoName",""
1915,"Dodge","Model 30-35","NoName",""
1915,"Ford","Model T","NoName","Regular Cab Pickup"
1915,"Oldsmobile","Model 43","NoName",""
1915,"Oldsmobile","Model 42","NoName",""
1915,"Oldsmobile","Model 55","NoName",""
1915,"Hudson","Model 54","NoName",""
1915,"Hudson","Model 40","NoName",""
1915,"Packard","Model 3-38","NoName",""
1915,"Packard","Model 5-48","NoName",""
1915,"Studebaker","EC","NoName",""
1915,"Studebaker","SD","NoName",""
1915,"International","E","NoName","Regular Cab Pickup"
1915,"International","F","NoName","Regular Cab Pickup"
1915,"International","M","NoName","Regular Cab Pickup"
1916,"Auburn","Model 4-38","NoName","Convertible"
1916,"Auburn","Model 6-38","NoName","Convertible"
1916,"Auburn","Model 6-40","NoName","Convertible"
1916,"Franklin","Model Six-30","NoName","Sedan"
1916,"Hupmobile","Model N","NoName","Convertible"
1916,"Hupmobile","Model N","NoName","Coupe"
1916,"Hupmobile","Model N","NoName","Sedan"
1916,"Buick","Model D","NoName",""
1916,"Cadillac","Type 53","NoName",""
1916,"Chevrolet","Series 490","NoName",""
1916,"Chevrolet","Series H2","NoName",""
1916,"Chevrolet","Series H4","NoName",""
1916,"Dodge","Model 30-35","NoName",""
1916,"Ford","Model T","NoName","Regular Cab Pickup"
1916,"Oldsmobile","Model 43","NoName",""
1916,"Oldsmobile","Model 44","NoName",""
1916,"Hudson","Model 54","NoName",""
1916,"Hudson","Super Six","Model Six-40",""
1916,"Packard","Twin Six","NoName",""
1916,"Studebaker","440","NoName",""
1916,"Studebaker","ED","NoName",""
1916,"Studebaker","SF","NoName",""
1916,"International","F","Express",""
1916,"International","H","Express",""
1917,"Auburn","Model 6-44","NoName","Convertible"
1917,"Auburn","Model 4-36","NoName","Convertible"
1917,"Auburn","Model 6-39","NoName","Convertible"
1917,"Franklin","Series 9","NoName","Convertible"
1917,"Hupmobile","Model N","NoName","Convertible"
1917,"Hupmobile","Model N","NoName","Coupe"
1917,"Hupmobile","Model N","NoName","Sedan"
1917,"Buick","Model D","NoName",""
1917,"Cadillac","Type 55","NoName",""
1917,"Chevrolet","Series 490","NoName",""
1917,"Chevrolet","Series D2","NoName",""
1917,"Chevrolet","Series F5","NoName",""
1917,"Dodge","Delivery","NoName",""
1917,"Dodge","Model 30","NoName",""
1917,"Ford","Model T","NoName","Regular Cab Pickup"
1917,"Oldsmobile","Model 45","NoName",""
1917,"Oldsmobile","Model 37","NoName",""
1917,"Hudson","Super Six","Series H",""
1917,"Packard","Twin Six","Series II",""
1917,"Packard","Twin Six","NoName",""
1917,"Studebaker","ED","NoName",""
1917,"Studebaker","SF","NoName",""
1917,"International","F","NoName","Regular Cab Pickup"
1917,"International","H","NoName","Regular Cab Pickup"
1918,"Auburn","Model 6-44","NoName","Convertible"
1918,"Auburn","Model 6-39","NoName","Convertible"
1918,"Franklin","Series 9","NoName","Convertible"
1918,"Hupmobile","Series R-1","NoName","Convertible"
1918,"Buick","Model E","NoName",""
1918,"Cadillac","Type 57","NoName",""
1918,"Chevrolet","Delivery","NoName",""
1918,"Chevrolet","Series 490","NoName",""
1918,"Chevrolet","Series D2","NoName",""
1918,"Chevrolet","Series FA","NoName",""
1918,"Dodge","Delivery","NoName",""
1918,"Dodge","Model 30","NoName",""
1918,"Dodge","Panel","NoName",""
1918,"Ford","Model T","NoName","Regular Cab Pickup"
1918,"Oldsmobile","Model 37","NoName",""
1918,"Oldsmobile","Model 45-A","NoName",""
1918,"Hudson","Super Six","NoName",""
1918,"Nash","680","Series 680",""
1918,"Packard","Twin Six","NoName",""
1918,"Studebaker","EG","NoName",""
1918,"Studebaker","EH","NoName",""
1918,"Studebaker","SH","NoName",""
1918,"International","F","NoName","Regular Cab Pickup"
1918,"International","H","NoName","Regular Cab Pickup"
1919,"Auburn","Model 6-39","NoName","Convertible"
1919,"Franklin","Series 9","NoName","Convertible"
1919,"Hupmobile","Series R-1","NoName","Convertible"
1919,"Hupmobile","Series R-1","NoName","Coupe"
1919,"Hupmobile","Series R-1","NoName","Sedan"
1919,"Buick","Model H","NoName",""
1919,"Cadillac","Type 57","NoName",""
1919,"Chevrolet","Delivery","NoName",""
1919,"Chevrolet","Series 490","NoName",""
1919,"Chevrolet","Series FB","NoName",""
1919,"Dodge","Delivery","NoName",""
1919,"Dodge","Model 30","NoName",""
1919,"Dodge","Panel","NoName",""
1919,"Ford","Model T","NoName","Regular Cab Pickup"
1919,"Oldsmobile","Model 45-B","NoName",""
1919,"Oldsmobile","Model 37","NoName",""
1919,"Oldsmobile","Model 45-A","NoName",""
1919,"Hudson","Super Six","Series O",""
1919,"Nash","680","NoName",""
1919,"Packard","Twin Six","NoName",""
1919,"Studebaker","EG","NoName",""
1919,"Studebaker","EH","NoName",""
1919,"Studebaker","SH","NoName",""
1919,"International","F","NoName","Regular Cab Pickup"
1919,"International","H","NoName","Regular Cab Pickup"
1919,"Essex","Model A","1.5","Sedan"
1919,"Essex","Model A","NoName","Coupe"
1919,"Essex","Model A","NoName","Sedan"
1920,"Auburn","Model 6-39","NoName","Convertible"
1920,"Franklin","Model 9-B","NoName","Convertible"
1920,"Hupmobile","Series R-3","NoName","Convertible"
1920,"Hupmobile","Series R-3","NoName","Coupe"
1920,"Hupmobile","Series R-3","NoName","Sedan"
1920,"Buick","Model K","NoName",""
1920,"Cadillac","Type 59","NoName",""
1920,"Chevrolet","Delivery","NoName",""
1920,"Chevrolet","Series 490","NoName",""
1920,"Chevrolet","Series FB","NoName",""
1920,"Dodge","Delivery","NoName",""
1920,"Dodge","Model 30","NoName",""
1920,"Dodge","Panel","NoName",""
1920,"Ford","Model T","NoName","Regular Cab Pickup"
1920,"Lincoln","Model L","NoName",""
1920,"Oldsmobile","Model 37-A","NoName",""
1920,"Oldsmobile","Model 45-B","NoName",""
1920,"Oldsmobile","Model 37-B","NoName",""
1920,"Hudson","Super Six","NoName",""
1920,"Nash","680","NoName",""
1920,"Packard","Twin Six","NoName",""
1920,"Studebaker","EG","NoName",""
1920,"Studebaker","EJ","NoName",""
1920,"Studebaker","EH","NoName",""
1920,"International","F","NoName","Regular Cab Pickup"
1920,"International","H","NoName","Regular Cab Pickup"
1920,"Essex","Four","NoName","Sedan"
1921,"Auburn","Model 6-39","NoName","Convertible"
1921,"Franklin","Model 9-B","NoName","Convertible"
1921,"Hupmobile","Series R-4","NoName","Convertible"
1921,"Hupmobile","Series R-4","NoName","Coupe"
1921,"Hupmobile","Series R-4","NoName","Sedan"
1921,"Buick","Model 45","Touring","Sedan"
1921,"Buick","Model 21","NoName",""
1921,"Cadillac","Type 59","NoName",""
1921,"Chevrolet","Delivery","NoName",""
1921,"Chevrolet","Series 490","NoName",""
1921,"Chevrolet","Series FB","NoName",""
1921,"Dodge","Delivery","NoName",""
1921,"Dodge","Model 30","NoName",""
1921,"Dodge","Panel","NoName",""
1921,"Ford","Model T","NoName","Regular Cab Pickup"
1921,"Lincoln","Model L","NoName",""
1921,"Oldsmobile","Model 47","NoName",""
1921,"Oldsmobile","Model 37","NoName",""
1921,"Oldsmobile","Model 43-A","NoName",""
1921,"Oldsmobile","Model 46","NoName",""
1921,"Hudson","Super Six","Series 6",""
1921,"Nash","40","NoName",""
1921,"Nash","680","NoName",""
1921,"Packard","Twin Six","NoName",""
1921,"Studebaker","EG","NoName",""
1921,"Studebaker","EJ","NoName",""
1921,"Studebaker","EH","NoName",""
1921,"International","21","NoName","Regular Cab Pickup"
1921,"International","S","NoName","Regular Cab Pickup"
1921,"Essex","Four","NoName","Sedan"
1922,"Auburn","Model 6-51","NoName","Convertible"
1922,"Franklin","Model 10","Sedan","Sedan"
1922,"Franklin","Model 10","demi-sedan","Sedan"
1922,"Franklin","Model 9-B","Sedan","Sedan"
1922,"Franklin","Model 9-B","demi-sedan","Sedan"
1922,"Hupmobile","Series R-7","NoName","Convertible"
1922,"Hupmobile","Series R-7","NoName","Coupe"
1922,"Hupmobile","Series R-7","NoName","Sedan"
1922,"Buick","Model 22","NoName",""
1922,"Cadillac","Type 61","NoName",""
1922,"Chevrolet","Delivery","NoName",""
1922,"Chevrolet","Series 490","NoName",""
1922,"Chevrolet","Series FB","NoName",""
1922,"Dodge","1st Series","NoName",""
1922,"Dodge","2nd Series","NoName",""
1922,"Dodge","Delivery","NoName",""
1922,"Dodge","Panel","NoName",""
1922,"Ford","Model T","NoName","Regular Cab Pickup"
1922,"Lincoln","Model L","NoName",""
1922,"Oldsmobile","Model 43A","NoName",""
1922,"Oldsmobile","Model 47","NoName",""
1922,"Oldsmobile","Model 46","NoName",""
1922,"Hudson","Super Six","NoName",""
1922,"Nash","40","Series 40",""
1922,"Nash","690","NoName",""
1922,"Packard","Single Six","Model 116",""
1922,"Packard","Single Six","Model 133",""
1922,"Packard","Twin Six","NoName",""
1922,"Studebaker","EJ","NoName",""
1922,"Studebaker","EL","NoName",""
1922,"Studebaker","EK","NoName",""
1922,"International","21","NoName","Regular Cab Pickup"
1922,"International","S","NoName","Regular Cab Pickup"
1922,"Essex","Four","NoName","Sedan"
1922,"Willys","Model 4","Roadster","Convertible"
1923,"Auburn","Model 6-51","NoName","Convertible"
1923,"Auburn","Model 6-43","NoName","Convertible"
1923,"Auburn","Model 6-63","NoName","Sedan"
1923,"Franklin","Model 10","NoName","Sedan"
1923,"Hupmobile","Series R-10","NoName","Convertible"
1923,"Hupmobile","Series R-10","NoName","Coupe"
1923,"Hupmobile","Series R-10","NoName","Sedan"
1923,"Buick","Model 23","NoName",""
1923,"Cadillac","Type 61","NoName",""
1923,"Chevrolet","Delivery","NoName",""
1923,"Chevrolet","Superior","NoName","SUV"
1923,"Chevrolet","Utility","NoName",""
1923,"Dodge","Delivery","NoName",""
1923,"Dodge","Panel","NoName",""
1923,"Dodge","Series 116","NoName",""
1923,"Ford","Model T","NoName","Regular Cab Pickup"
1923,"Lincoln","Model L","NoName",""
1923,"Oldsmobile","Model 30-A","NoName",""
1923,"Oldsmobile","Model 47","NoName",""
1923,"Oldsmobile","Model 43-A","NoName",""
1923,"Hudson","Super Six","NoName",""
1923,"Nash","40","NoName",""
1923,"Nash","690","NoName",""
1923,"Packard","Single Six","Model 126",""
1923,"Packard","Single Six","Model 133",""
1923,"Packard","Twin Six","NoName",""
1923,"Studebaker","EL","NoName",""
1923,"Studebaker","EK","NoName",""
1923,"Studebaker","EM","NoName",""
1923,"International","21","NoName","Regular Cab Pickup"
1923,"International","S","NoName","Regular Cab Pickup"
1923,"Essex","Four","NoName","Convertible"
1923,"Essex","Four","NoName","Sedan"
1924,"Auburn","Model 6-43","NoName","Convertible"
1924,"Auburn","Model 6-63","NoName","Sedan"
1924,"Franklin","Model 10-B","NoName","Sedan"
1924,"Hupmobile","Series R-12","NoName","Convertible"
1924,"Hupmobile","Series R-12","NoName","Coupe"
1924,"Hupmobile","Series R-12","NoName","Sedan"
1924,"Buick","Model 24","NoName",""
1924,"Cadillac","V-63","NoName",""
1924,"Chevrolet","Delivery","NoName",""
1924,"Chevrolet","Superior","NoName","SUV"
1924,"Chevrolet","Utility","NoName",""
1924,"Chrysler","Model B-70","NoName",""
1924,"Dodge","Delivery","NoName",""
1924,"Dodge","Panel","NoName",""
1924,"Dodge","Series 116","NoName",""
1924,"Dodge","Special Series","NoName",""
1924,"Ford","Model T","NoName","Regular Cab Pickup"
1924,"Lincoln","Model L","NoName",""
1924,"Oldsmobile","Model 30-B","NoName",""
1924,"Hudson","Super Six","NoName",""
1924,"Nash","40","NoName",""
1924,"Nash","690","NoName",""
1924,"Packard","Single Eight","Model 136",""
1924,"Packard","Single Eight","Model 143",""
1924,"Packard","Single Six","Model 226",""
1924,"Packard","Single Six","Model 233",""
1924,"Studebaker","EK","NoName",""
1924,"Studebaker","EM","NoName",""
1924,"Studebaker","KL","NoName",""
1924,"International","S","Panel",""
1924,"Essex","Six","NoName","Sedan"
1925,"Auburn","Model 6-66","NoName","Sedan"
1925,"Auburn","Model 8-36","NoName","Sedan"
1925,"Auburn","Model 8-88","NoName","Sedan"
1925,"Auburn","Model 6-43","NoName","Convertible"
1925,"Franklin","Model 10-C","NoName","Sedan"
1925,"Hupmobile","Model E-1","NoName","Convertible"
1925,"Hupmobile","Model E-1","NoName","Coupe"
1925,"Hupmobile","Model E-1","NoName","Sedan"
1925,"Hupmobile","Model R-14","NoName","Convertible"
1925,"Hupmobile","Model R-14","NoName","Coupe"
1925,"Hupmobile","Model R-14","NoName","Sedan"
1925,"Buick","Master","NoName",""
1925,"Buick","Standard","NoName",""
1925,"Cadillac","Custom","NoName",""
1925,"Cadillac","V-63","NoName",""
1925,"Chevrolet","Delivery","NoName",""
1925,"Chevrolet","Superior","NoName","SUV"
1925,"Chevrolet","Utility","NoName",""
1925,"Chrysler","Model B-70","NoName",""
1925,"Dodge","Delivery","NoName",""
1925,"Dodge","Panel","NoName",""
1925,"Dodge","Series 116","NoName",""
1925,"Ford","Model T","Roadster","Regular Cab Pickup"
1925,"Ford","Model T","NoName","Regular Cab Pickup"
1925,"Lincoln","Model L","NoName",""
1925,"Oldsmobile","Model 30-C","NoName",""
1925,"Hudson","Super Six","NoName",""
1925,"Nash","220","NoName",""
1925,"Nash","Advanced","NoName",""
1925,"Nash","Special","Series 130",""
1925,"Packard","Eight","Model 243",""
1925,"Packard","Eight","Model 236",""
1925,"Packard","Six","Model 326",""
1925,"Packard","Six","Model 333",""
1925,"Studebaker","EP","NoName",""
1925,"Studebaker","ER","NoName",""
1925,"Studebaker","EQ","NoName",""
1925,"Essex","Six","NoName","Sedan"
1926,"Auburn","Model 4-44","NoName","Coupe"
1926,"Auburn","Model 6-66","NoName","Sedan"
1926,"Auburn","Model 8-88","NoName","Sedan"
1926,"Franklin","Model 11-A","NoName","Coupe"
1926,"Hupmobile","Model A-1","NoName","Sedan"
1926,"Hupmobile","Model E-2","NoName","Convertible"
1926,"Hupmobile","Model E-2","NoName","Coupe"
1926,"Hupmobile","Model E-2","NoName","Sedan"
1926,"Buick","Master","NoName",""
1926,"Buick","Standard","NoName",""
1926,"Cadillac","Custom","NoName",""
1926,"Cadillac","Series 314","NoName",""
1926,"Chevrolet","Delivery","NoName",""
1926,"Chevrolet","National","NoName","Coupe"
1926,"Chevrolet","Superior","NoName","SUV"
1926,"Chevrolet","Utility","NoName",""
1926,"Chrysler","Imperial","NoName",""
1926,"Chrysler","Series G-70","NoName",""
1926,"Chrysler","Series F","58",""
1926,"Chrysler","Series F-58","NoName",""
1926,"Chrysler","Series G","70",""
1926,"Dodge","Delivery","NoName",""
1926,"Dodge","Panel","NoName",""
1926,"Dodge","Series 126","NoName",""
1926,"Ford","Model T","NoName","Regular Cab Pickup"
1926,"Lincoln","Model L","NoName",""
1926,"Oldsmobile","Model 30-D","NoName","Sedan"
1926,"Pontiac","Model 6-27","NoName",""
1926,"Hudson","Super Six","NoName",""
1926,"Nash","220","NoName",""
1926,"Nash","Advanced","NoName",""
1926,"Nash","Ajax","NoName",""
1926,"Nash","Special","NoName",""
1926,"Packard","Eight","Model 243",""
1926,"Packard","Eight","Model 236",""
1926,"Packard","Six","Model 326",""
1926,"Packard","Six","Model 333",""
1926,"Studebaker","EP","NoName",""
1926,"Studebaker","ER","NoName",""
1926,"Studebaker","EQ","NoName",""
1926,"International","S","NoName","Regular Cab Pickup"
1926,"Essex","Six","NoName","Sedan"
1927,"Auburn","Model 6-66","NoName","Sedan"
1927,"Auburn","Model 8-88","NoName","Sedan"
1927,"Auburn","Model 8-77","NoName","Sedan"
1927,"Franklin","Model 11-B","NoName","Coupe"
1927,"Hupmobile","Model E-3","NoName","Convertible"
1927,"Hupmobile","Model E-3","NoName","Coupe"
1927,"Hupmobile","Model E-3","NoName","Sedan"
1927,"Hupmobile","Series A","NoName","Convertible"
1927,"Hupmobile","Series A","NoName","Coupe"
1927,"Hupmobile","Series A","NoName","Sedan"
1927,"Buick","Master","NoName",""
1927,"Buick","Standard","NoName",""
1927,"Cadillac","Brunn","NoName",""
1927,"Cadillac","Custom","NoName",""
1927,"Cadillac","Fleetwood","NoName","Sedan"
1927,"Cadillac","Series 314","NoName",""
1927,"Chevrolet","Capital","NoName",""
1927,"Chevrolet","Delivery","NoName",""
1927,"Chevrolet","Utility","NoName",""
1927,"Chrysler","Imperial","NoName",""
1927,"Chrysler","Series G-70","NoName",""
1927,"Chrysler","Series I-50","NoName",""
1927,"Chrysler","Series 70","NoName",""
1927,"Chrysler","Series H","60",""
1927,"Dodge","Delivery","NoName",""
1927,"Dodge","Fast Four","NoName",""
1927,"Dodge","Panel","NoName",""
1927,"Dodge","Senior","NoName",""
1927,"Ford","Model T","NoName","Sedan"
1927,"Lincoln","Model L","NoName",""
1927,"Oldsmobile","Model 30-E","NoName",""
1927,"Pontiac","Model 6-27","NoName",""
1927,"Hudson","Standard Six","NoName",""
1927,"Hudson","Super Six","NoName",""
1927,"LaSalle","303","NoName",""
1927,"Nash","Advanced","NoName",""
1927,"Nash","Light Six","NoName",""
1927,"Nash","Super","Series 230",""
1927,"Packard","Eight","Model 336",""
1927,"Packard","Eight","Model 343",""
1927,"Packard","Six","Model 426",""
1927,"Packard","Six","Model 433",""
1927,"Studebaker","Commander","NoName",""
1927,"Studebaker","EQ","NoName",""
1927,"Studebaker","EU","NoName",""
1927,"Studebaker","GE","NoName",""
1927,"Studebaker","President","NoName",""
1927,"Essex","Six","NoName","Sedan"
1927,"Essex","Super Six","NoName","Sedan"
1928,"Auburn","Model 76","NoName","Sedan"
1928,"Auburn","Model 115","NoName","Sedan"
1928,"Auburn","Model 6-66","NoName","Sedan"
1928,"Auburn","Model 8-88","NoName","Sedan"
1928,"Auburn","Model 8-77","NoName","Sedan"
1928,"Auburn","Model 88","NoName","Convertible"
1928,"Franklin","Airman","NoName","Sedan"
1928,"Hupmobile","Century Series 125","NoName","Convertible"
1928,"Hupmobile","Century Series 125","NoName","Coupe"
1928,"Hupmobile","Century Series 125","NoName","Sedan"
1928,"Hupmobile","Century Series M","NoName","Convertible"
1928,"Hupmobile","Century Series M","NoName","Coupe"
1928,"Hupmobile","Century Series M","NoName","Sedan"
1928,"Hupmobile","Century Series A","NoName","Coupe"
1928,"Hupmobile","Century Series A","NoName","Sedan"
1928,"Buick","Master","NoName",""
1928,"Buick","Standard","NoName",""
1928,"Cadillac","Custom","NoName",""
1928,"Cadillac","Fleetwood","NoName","Sedan"
1928,"Cadillac","Series 341","NoName",""
1928,"Chevrolet","Delivery","NoName",""
1928,"Chevrolet","Pickup","NoName","Regular Cab Pickup"
1928,"Chevrolet","Utility","NoName",""
1928,"Chrysler","Imperial","NoName",""
1928,"Chrysler","Series 62","NoName",""
1928,"Chrysler","Series 72","NoName",""
1928,"Chrysler","Series 52","NoName",""
1928,"Chrysler","Series 80-L","NoName",""
1928,"Dodge","Delivery","NoName",""
1928,"Dodge","Panel","NoName",""
1928,"Dodge","Senior","NoName",""
1928,"Dodge","Standard","NoName",""
1928,"Dodge","Victory","NoName",""
1928,"Ford","Model A","NoName","Convertible"
1928,"GMC","Panel","NoName",""
1928,"GMC","Pickup","NoName","Regular Cab Pickup"
1928,"Lincoln","Model L","NoName",""
1928,"Oldsmobile","Model F-28","NoName",""
1928,"Plymouth","Model Q","NoName",""
1928,"Pontiac","Model 6-28","NoName",""
1928,"Hudson","Super Six","NoName",""
1928,"LaSalle","303","NoName",""
1928,"Nash","Advanced","NoName",""
1928,"Nash","Standard Six","NoName",""
1928,"Nash","Special","NoName",""
1928,"Packard","Custom","Model 443",""
1928,"Packard","Eight","Model 443",""
1928,"Packard","Six","Model 526",""
1928,"Studebaker","Commander","Model GB",""
1928,"Studebaker","Commander","Model GH",""
1928,"Studebaker","Dictator","Model GE",""
1928,"Studebaker","President","Model FB",""
1928,"Studebaker","President","Model FA",""
1928,"Essex","First Series","NoName","Coupe"
1928,"Essex","First Series","NoName","Sedan"
1928,"Essex","Second Series","NoName","Coupe"
1928,"Essex","Second Series","NoName","Sedan"
1929,"Auburn","Model 76","NoName","Sedan"
1929,"Auburn","Model 115","NoName","Sedan"
1929,"Auburn","Model 88","NoName","Convertible"
1929,"Auburn","Model 120","NoName","Convertible"
1929,"Auburn","Model 6-80","NoName","Sedan"
1929,"Auburn","Model 8-90","NoName","Sedan"
1929,"Franklin","Model 130","NoName","Sedan"
1929,"Franklin","Model 137","NoName","Sedan"
1929,"Franklin","Model 135","NoName","Sedan"
1929,"Hupmobile","Series A","NoName","Convertible"
1929,"Hupmobile","Series A","NoName","Coupe"
1929,"Hupmobile","Series A","NoName","Sedan"
1929,"Hupmobile","Series M","NoName","Convertible"
1929,"Hupmobile","Series M","NoName","Coupe"
1929,"Hupmobile","Series M","NoName","Sedan"
1929,"Buick","Series 121","NoName",""
1929,"Buick","Series 129","NoName",""
1929,"Buick","Series 116","NoName",""
1929,"Cadillac","Custom","NoName",""
1929,"Cadillac","Fleetwood","NoName","Sedan"
1929,"Cadillac","Series 341","NoName",""
1929,"Chevrolet","Delivery","NoName",""
1929,"Chevrolet","International","NoName",""
1929,"Chevrolet","Pickup","NoName","Regular Cab Pickup"
1929,"Chevrolet","Utility","NoName",""
1929,"Chrysler","Imperial","NoName",""
1929,"Chrysler","Series 65","NoName",""
1929,"Chrysler","Series 75","NoName",""
1929,"Chrysler","Series 80-L","NoName",""
1929,"Dodge","DA","NoName",""
1929,"Dodge","Delivery","NoName",""
1929,"Dodge","Panel","NoName",""
1929,"Dodge","Pickup","NoName","Regular Cab Pickup"
1929,"Dodge","Senior","NoName",""
1929,"Dodge","Standard","NoName",""
1929,"Dodge","Victory","NoName",""
1929,"Ford","Model A","NoName","Convertible"
1929,"Ford","Model A Truck","Base","Regular Cab Pickup"
1929,"GMC","Panel","NoName",""
1929,"GMC","Pickup","NoName","Regular Cab Pickup"
1929,"Lincoln","Model L","NoName",""
1929,"Oldsmobile","Model F-29","NoName",""
1929,"Plymouth","Model U","NoName",""
1929,"Plymouth","Model Q","NoName",""
1929,"Pontiac","Model 6-29A","NoName",""
1929,"Desoto","Model K","NoName",""
1929,"Hudson","Delivery","NoName",""
1929,"Hudson","Greater Hudson","NoName",""
1929,"Hudson","Pickup","NoName",""
1929,"LaSalle","328","NoName",""
1929,"Nash","Advanced Six","Series 460",""
1929,"Nash","Standard","NoName",""
1929,"Nash","Special Six","NoName",""
1929,"Packard","626","Model 626",""
1929,"Packard","633","Model 633",""
1929,"Packard","640","Model 640",""
1929,"Packard","645","Model 645",""
1929,"Studebaker","Commander","Model FD",""
1929,"Studebaker","Commander","Model GJ",""
1929,"Studebaker","Dictator","Model GE",""
1929,"Studebaker","Dictator","Model GL",""
1929,"Studebaker","President","Model FH",""
1929,"Studebaker","President","Model FE",""
1929,"Essex","Challenger Series","NoName","Convertible"
1929,"Essex","Challenger Series","NoName","Coupe"
1929,"Essex","Challenger Series","NoName","Sedan"
1930,"Auburn","Model 6-85","NoName","Sedan"
1930,"Auburn","Model 8-95","NoName","Sedan"
1930,"Auburn","Model 125","NoName","Sedan"
1930,"Franklin","Model 145","NoName","Sedan"
1930,"Franklin","Model 147","NoName","Convertible"
1930,"Hupmobile","Model H","NoName","Convertible"
1930,"Hupmobile","Model H","NoName","Coupe"
1930,"Hupmobile","Model H","NoName","Sedan"
1930,"Hupmobile","Model C","NoName","Convertible"
1930,"Hupmobile","Model C","NoName","Coupe"
1930,"Hupmobile","Model C","NoName","Sedan"
1930,"Hupmobile","Model S","NoName","Convertible"
1930,"Hupmobile","Model S","NoName","Coupe"
1930,"Hupmobile","Model S","NoName","Sedan"
1930,"Hupmobile","Model U","NoName","Sedan"
1930,"Buick","Marquette","NoName",""
1930,"Buick","Series 40","NoName",""
1930,"Buick","Series 50","NoName",""
1930,"Buick","Series 60","NoName",""
1930,"Cadillac","Custom","NoName","Sedan"
1930,"Cadillac","Fleetwood","NoName","Sedan"
1930,"Cadillac","Series 353","NoName",""
1930,"Chevrolet","Delivery","NoName",""
1930,"Chevrolet","Pickup","NoName","Regular Cab Pickup"
1930,"Chevrolet","Universal","NoName",""
1930,"Chevrolet","Utility","NoName",""
1930,"Chrysler","Imperial","NoName",""
1930,"Chrysler","Series 77","NoName",""
1930,"Chrysler","Series 66","NoName",""
1930,"Chrysler","Series 80-L","NoName",""
1930,"Chrysler","Series Six","NoName",""
1930,"Dodge","DA","NoName",""
1930,"Dodge","DB","NoName",""
1930,"Dodge","DD","NoName",""
1930,"Dodge","DC","NoName",""
1930,"Dodge","Delivery","NoName",""
1930,"Dodge","Panel","NoName",""
1930,"Dodge","Pickup","NoName","Regular Cab Pickup"
1930,"Dodge","Senior","NoName",""
1930,"Ford","Model A","NoName","Convertible"
1930,"Ford","Model A","NoName","Sedan"
1930,"GMC","Panel","NoName",""
1930,"GMC","Pickup","NoName","Regular Cab Pickup"
1930,"Lincoln","Model L","NoName",""
1930,"Oldsmobile","Model F-30","NoName",""
1930,"Plymouth","Model 30U","NoName",""
1930,"Pontiac","Model 6-30B","NoName",""
1930,"Desoto","CK","NoName",""
1930,"Desoto","CF","NoName",""
1930,"Desoto","Model K","NoName",""
1930,"Hudson","Delivery","NoName",""
1930,"Hudson","Greater Eight","NoName",""
1930,"Hudson","Great Eight","NoName",""
1930,"Hudson","Pickup","NoName",""
1930,"LaSalle","340","NoName",""
1930,"Nash","Single Six","NoName",""
1930,"Nash","Twin Ignition Six","NoName",""
1930,"Packard","733","Model 733",""
1930,"Packard","745","Model 745",""
1930,"Packard","726","Model 726",""
1930,"Packard","734","Model 734",""
1930,"Packard","740","Model 740",""
1930,"Studebaker","53","Model 53",""
1930,"Studebaker","Commander","Model GJ",""
1930,"Studebaker","Commander","Model 70",""
1930,"Studebaker","Dictator","Model GL",""
1930,"Studebaker","President","Model 80",""
1930,"Studebaker","President","Model FH",""
1930,"Studebaker","President","Model 90",""
1930,"Studebaker","President","Model FE",""
1930,"International","AW-1","Canopy","SUV"
1930,"International","AW-1","Panel","SUV"
1930,"International","AW-1","Screen",""
1930,"International","AW-1","NoName","Regular Cab Pickup"
1930,"Essex","First Series","NoName","Convertible"
1930,"Essex","First Series","NoName","Coupe"
1930,"Essex","First Series","NoName","Sedan"
1930,"Essex","Second Series","NoName","Sedan"
1931,"Auburn","Model 8-98","NoName","Convertible"
1931,"Auburn","Model 8-98","NoName","Sedan"
1931,"Franklin","Series 15 Deluxe","NoName","Sedan"
1931,"Franklin","Series 15","NoName","Sedan"
1931,"Hupmobile","Century 6 Model S","NoName","Convertible"
1931,"Hupmobile","Century 6 Model S","NoName","Coupe"
1931,"Hupmobile","Century 6 Model S","NoName","Sedan"
1931,"Hupmobile","Century 8 Model L","NoName","Convertible"
1931,"Hupmobile","Century 8 Model L","NoName","Coupe"
1931,"Hupmobile","Century 8 Model L","NoName","Sedan"
1931,"Hupmobile","Model H","NoName","Convertible"
1931,"Hupmobile","Model H","NoName","Coupe"
1931,"Hupmobile","Model H","NoName","Sedan"
1931,"Hupmobile","Model C","NoName","Convertible"
1931,"Hupmobile","Model C","NoName","Coupe"
1931,"Hupmobile","Model C","NoName","Sedan"
1931,"Hupmobile","Model U","NoName","Coupe"
1931,"Hupmobile","Model U","NoName","Sedan"
1931,"Buick","Series 50","NoName",""
1931,"Buick","Series 80","NoName",""
1931,"Buick","Series 90","NoName",""
1931,"Buick","Series 60","NoName",""
1931,"Cadillac","Fleetwood","NoName","Sedan"
1931,"Cadillac","Series 355","NoName",""
1931,"Cadillac","Series 370","NoName",""
1931,"Chevrolet","Delivery","NoName",""
1931,"Chevrolet","Independence","NoName","Sedan"
1931,"Chevrolet","Pickup","NoName","Regular Cab Pickup"
1931,"Chrysler","CD","NoName",""
1931,"Chrysler","CG","Deluxe",""
1931,"Chrysler","Imperial","Custom",""
1931,"Chrysler","Series 70","NoName",""
1931,"Chrysler","Series Six","NoName",""
1931,"Dodge","DD","NoName",""
1931,"Dodge","DC","NoName",""
1931,"Dodge","Delivery","F-10 Series",""
1931,"Dodge","Delivery","UF10A Series",""
1931,"Dodge","Delivery","NoName",""
1931,"Dodge","Panel","F-10 Series",""
1931,"Dodge","Panel","NoName",""
1931,"Dodge","Pickup","F-10 Series","Regular Cab Pickup"
1931,"Dodge","Pickup","UF10A Series","Regular Cab Pickup"
1931,"Ford","Model A","NoName","Convertible"
1931,"Ford","Model A","NoName","Sedan"
1931,"GMC","Panel","NoName",""
1931,"GMC","Pickup","NoName","Regular Cab Pickup"
1931,"Lincoln","Model K","NoName",""
1931,"Oldsmobile","Model F-31","NoName",""
1931,"Plymouth","Model PA","NoName",""
1931,"Pontiac","Model 401","NoName",""
1931,"Desoto","CF","NoName",""
1931,"Desoto","SA","NoName",""
1931,"Hudson","Delivery","NoName",""
1931,"Hudson","Greater Eight","Series T",""
1931,"Hudson","Greater Eight","NoName",""
1931,"Hudson","Great Eight","NoName",""
1931,"Hudson","Pickup","NoName",""
1931,"LaSalle","345","NoName",""
1931,"Nash","660","NoName",""
1931,"Nash","870","NoName",""
1931,"Nash","880","NoName",""
1931,"Nash","Twin Ignition","Series 880",""
1931,"Nash","Twin Ignition","Series 890",""
1931,"Packard","826","Model 826",""
1931,"Packard","833","Model 833",""
1931,"Packard","840","Model 840",""
1931,"Studebaker","53","Model 53",""
1931,"Studebaker","54","Model 54",""
1931,"Studebaker","61","Model 61",""
1931,"Studebaker","Commander","Model 70",""
1931,"Studebaker","Dictator","Model FC",""
1931,"Studebaker","President","Model 80",""
1931,"Studebaker","President","Model 90",""
1931,"International","A-1","NoName","Regular Cab Pickup"
1931,"International","AW-1","Canopy","SUV"
1931,"International","AW-1","Panel","SUV"
1931,"International","AW-1","Screen",""
1931,"International","AW-1","NoName","Regular Cab Pickup"
1932,"Auburn","Model 12-160","NoName","Convertible"
1932,"Auburn","Model 8-100","NoName","Convertible"
1932,"Franklin","Airman","NoName","Sedan"
1932,"Hupmobile","Series B-216","NoName","Convertible"
1932,"Hupmobile","Series B-216","NoName","Coupe"
1932,"Hupmobile","Series B-216","NoName","Sedan"
1932,"Hupmobile","Series C-221","NoName","Sedan"
1932,"Hupmobile","Series F-222","NoName","Convertible"
1932,"Hupmobile","Series F-222","NoName","Coupe"
1932,"Hupmobile","Series F-222","NoName","Sedan"
1932,"Hupmobile","Series H-225","NoName","Sedan"
1932,"Hupmobile","Series L-218","NoName","Convertible"
1932,"Hupmobile","Series L-218","NoName","Coupe"
1932,"Hupmobile","Series L-218","NoName","Sedan"
1932,"Hupmobile","Series I-226","NoName","Convertible"
1932,"Hupmobile","Series I-226","NoName","Coupe"
1932,"Hupmobile","Series I-226","NoName","Sedan"
1932,"Hupmobile","Series S-214","NoName","Convertible"
1932,"Hupmobile","Series S-214","NoName","Coupe"
1932,"Hupmobile","Series S-214","NoName","Sedan"
1932,"Hupmobile","Series V-237","NoName","Sedan"
1932,"Buick","Series 50","NoName",""
1932,"Buick","Series 80","NoName",""
1932,"Buick","Series 90","NoName",""
1932,"Buick","Series 60","NoName",""
1932,"Cadillac","Fleetwood","NoName","Sedan"
1932,"Cadillac","Fisher","NoName",""
1932,"Cadillac","Series 355","NoName",""
1932,"Cadillac","Series 452","NoName",""
1932,"Cadillac","Series 370","NoName",""
1932,"Chevrolet","Confederate","NoName",""
1932,"Chevrolet","Delivery","NoName",""
1932,"Chevrolet","Deluxe","NoName",""
1932,"Chevrolet","Pickup","NoName","Regular Cab Pickup"
1932,"Chevrolet","Standard","NoName",""
1932,"Chrysler","CI","NoName",""
1932,"Chrysler","CH","NoName",""
1932,"Chrysler","CP","NoName",""
1932,"Chrysler","Imperial","NoName",""
1932,"Dodge","DD","NoName",""
1932,"Dodge","DH","NoName",""
1932,"Dodge","DC","NoName",""
1932,"Dodge","DG","NoName",""
1932,"Dodge","DI","NoName",""
1932,"Dodge","DK","NoName",""
1932,"Dodge","Delivery","E Series",""
1932,"Dodge","Delivery","F-10 Series",""
1932,"Dodge","Delivery","UF10 Series",""
1932,"Dodge","Delivery","NoName",""
1932,"Dodge","Panel","E Series",""
1932,"Dodge","Panel","F-10 Series",""
1932,"Dodge","Panel","NoName",""
1932,"Dodge","Pickup","E Series","Regular Cab Pickup"
1932,"Dodge","Pickup","F-10 Series","Regular Cab Pickup"
1932,"Dodge","Pickup","UF10 Series","Regular Cab Pickup"
1932,"Ford","Coupe","NoName","Coupe"
1932,"Ford","Model 18","NoName",""
1932,"Ford","Model B","NoName","Regular Cab Pickup"
1932,"Ford","Roadster","NoName","Convertible"
1932,"GMC","Panel","NoName",""
1932,"GMC","Pickup","NoName","Regular Cab Pickup"
1932,"Lincoln","Model KA","NoName",""
1932,"Lincoln","Model KB","NoName",""
1932,"Oldsmobile","Model F-32","NoName",""
1932,"Oldsmobile","Model L-32","NoName",""
1932,"Plymouth","Model PB","NoName",""
1932,"Plymouth","Model PA","NoName",""
1932,"Pontiac","Model 302","NoName",""
1932,"Pontiac","Model 402","NoName",""
1932,"Desoto","CF","NoName",""
1932,"Desoto","SA","NoName",""
1932,"Desoto","SC","NoName",""
1932,"Hudson","Greater Eight","Series L",""
1932,"Hudson","Greater Eight","Series T",""
1932,"Hudson","Greater Eight","Series U",""
1932,"Hudson","Great Eight","NoName",""
1932,"LaSalle","345","NoName",""
1932,"Nash","960","NoName",""
1932,"Nash","970","NoName",""
1932,"Nash","Ambassador","NoName",""
1932,"Nash","Big Six","NoName",""
1932,"Nash","Special Eight","NoName",""
1932,"Nash","Standard Eight","NoName",""
1932,"Nash","Twin Ignition","Series 980",""
1932,"Nash","Twin Ignition","Series 990",""
1932,"Packard","900","Model 900",""
1932,"Packard","902","Model 902",""
1932,"Packard","905","Model 905",""
1932,"Packard","901","Model 901",""
1932,"Packard","904","Model 904",""
1932,"Packard","906","Model 906",""
1932,"Studebaker","55","Model 5S",""
1932,"Studebaker","Commander","Model 71",""
1932,"Studebaker","Dictator","Model 62",""
1932,"Studebaker","President","Model 91",""
1932,"Studebaker","Rockne","Model 65",""
1932,"Studebaker","Rockne","Model 75",""
1932,"International","A-1","Canopy","SUV"
1932,"International","A-1","Panel","SUV"
1932,"International","A-1","Screen","SUV"
1932,"International","A-1","NoName","Regular Cab Pickup"
1932,"International","AW-1","Canopy","SUV"
1932,"International","AW-1","Panel","SUV"
1932,"International","AW-1","Screen",""
1932,"International","AW-1","NoName","Regular Cab Pickup"
1933,"Auburn","Model 12-161","NoName","Sedan"
1933,"Auburn","Model 8-101","NoName","Sedan"
1933,"Auburn","Model 12-165","NoName","Sedan"
1933,"Auburn","Model 8-105","NoName","Convertible"
1933,"Franklin","Airman","NoName","Sedan"
1933,"Franklin","Olympic","NoName","Sedan"
1933,"Franklin","Twelve","NoName","Sedan"
1933,"Hupmobile","Series I-326","NoName","Convertible"
1933,"Hupmobile","Series I-326","NoName","Coupe"
1933,"Hupmobile","Series I-326","NoName","Sedan"
1933,"Hupmobile","Series F-322","NoName","Convertible"
1933,"Hupmobile","Series F-322","NoName","Coupe"
1933,"Hupmobile","Series F-322","NoName","Sedan"
1933,"Hupmobile","Series K-321","NoName","Convertible"
1933,"Hupmobile","Series K-321","NoName","Coupe"
1933,"Hupmobile","Series K-321","NoName","Sedan"
1933,"Hupmobile","Series KK-321A","NoName","Coupe"
1933,"Hupmobile","Series KK-321A","NoName","Sedan"
1933,"Buick","Series 50","NoName",""
1933,"Buick","Series 80","NoName",""
1933,"Buick","Series 90","NoName",""
1933,"Buick","Series 60","NoName",""
1933,"Cadillac","Fleetwood","NoName","Sedan"
1933,"Cadillac","Series 355","C",""
1933,"Cadillac","Series 355","NoName",""
1933,"Cadillac","Series 452","NoName",""
1933,"Cadillac","Series 370","NoName",""
1933,"Chevrolet","Delivery","NoName",""
1933,"Chevrolet","Master Eagle","NoName",""
1933,"Chevrolet","Mercury","NoName",""
1933,"Chevrolet","Pickup","NoName","Regular Cab Pickup"
1933,"Chrysler","CO","NoName",""
1933,"Chrysler","CT","NoName",""
1933,"Chrysler","Imperial","NoName",""
1933,"Dodge","Commercial","HCL Series",""
1933,"Dodge","Commercial","HC Series",""
1933,"Dodge","DO","NoName",""
1933,"Dodge","DP","NoName",""
1933,"Dodge","Delivery","F-10 Series",""
1933,"Dodge","Delivery","HCL Series",""
1933,"Dodge","Delivery","HC Series",""
1933,"Dodge","Delivery","UF10 Series",""
1933,"Dodge","Panel","HCL Series",""
1933,"Dodge","Panel","HC Series",""
1933,"Dodge","Panel","UF10 Series",""
1933,"Dodge","Panel","NoName",""
1933,"Dodge","Pickup","F-10 Series","Regular Cab Pickup"
1933,"Dodge","Pickup","HC Series","Regular Cab Pickup"
1933,"Dodge","Pickup","NoName","Regular Cab Pickup"
1933,"Ford","Model 40","NoName","Coupe"
1933,"GMC","Panel","NoName",""
1933,"GMC","Pickup","NoName","Regular Cab Pickup"
1933,"Lincoln","Model KA","NoName",""
1933,"Lincoln","Model KB","NoName",""
1933,"Oldsmobile","Model F-33","NoName",""
1933,"Oldsmobile","Model L-33","NoName",""
1933,"Plymouth","Model PD","NoName",""
1933,"Plymouth","Model PC","NoName",""
1933,"Pontiac","Model 601","NoName",""
1933,"Rolls-Royce","20/25","NoName","Coupe"
1933,"Rolls-Royce","20/25","NoName","Sedan"
1933,"Desoto","Custom","SD",""
1933,"Hudson","Delivery","NoName",""
1933,"Hudson","Pacemaker","Series T",""
1933,"Hudson","Pacemaker","NoName",""
1933,"Hudson","Pickup","NoName",""
1933,"LaSalle","345","NoName",""
1933,"Packard","Custom 12","Model 1006",""
1933,"Packard","Eight","Model 1001",""
1933,"Packard","Eight","Model 1002",""
1933,"Packard","LeBaron","Model 1006",""
1933,"Packard","Standard","Model 1006",""
1933,"Packard","Super Eight","Model 1003",""
1933,"Packard","Super Eight","Model 1004",""
1933,"Packard","Twelve","Model 1005",""
1933,"Studebaker","56","Model 56",""
1933,"Studebaker","Commander","Model 73",""
1933,"Studebaker","President Speedway","Model 92",""
1933,"Studebaker","President","Model 81",""
1933,"Studebaker","Rockne","Model 10",""
1933,"Studebaker","Rockne","Model 75",""
1933,"International","A-1","Canopy","SUV"
1933,"International","A-1","Panel","SUV"
1933,"International","A-1","Screen","SUV"
1933,"International","A-1","NoName","Regular Cab Pickup"
1933,"International","D-1","Canopy","SUV"
1933,"International","D-1","Panel","SUV"
1933,"International","D-1","Screen",""
1933,"International","D-1","NoName","Regular Cab Pickup"
1933,"International","M-2","NoName","Regular Cab Pickup"
1934,"Auburn","Model 1250","NoName","Sedan"
1934,"Auburn","Model 850","NoName","Sedan"
1934,"Auburn","Model 652","NoName","Sedan"
1934,"Franklin","Airman","NoName","Sedan"
1934,"Franklin","Olympic","NoName","Sedan"
1934,"Franklin","Twelve","NoName","Sedan"
1934,"Hupmobile","Series 421-J","NoName","Coupe"
1934,"Hupmobile","Series 421-J","NoName","Sedan"
1934,"Hupmobile","Series 417-W","NoName","Coupe"
1934,"Hupmobile","Series 417-W","NoName","Sedan"
1934,"Hupmobile","Series 427-T","NoName","Coupe"
1934,"Hupmobile","Series 427-T","NoName","Sedan"
1934,"Hupmobile","Series F-442","NoName","Convertible"
1934,"Hupmobile","Series F-442","NoName","Coupe"
1934,"Hupmobile","Series F-442","NoName","Sedan"
1934,"Hupmobile","Series K-421","NoName","Convertible"
1934,"Hupmobile","Series K-421","NoName","Coupe"
1934,"Hupmobile","Series K-421","NoName","Sedan"
1934,"Hupmobile","Series KK-421","NoName","Convertible"
1934,"Hupmobile","Series KK-421","NoName","Coupe"
1934,"Hupmobile","Series KK-421","NoName","Sedan"
1934,"Hupmobile","Series I-426","NoName","Convertible"
1934,"Hupmobile","Series I-426","NoName","Coupe"
1934,"Hupmobile","Series I-426","NoName","Sedan"
1934,"Buick","Series 50","NoName",""
1934,"Buick","Series 90","NoName",""
1934,"Buick","Series 60","NoName",""
1934,"Buick","Special","NoName",""
1934,"Cadillac","Fleetwood","NoName","Sedan"
1934,"Cadillac","Series 355","Model 10",""
1934,"Cadillac","Series 355","Model 20",""
1934,"Cadillac","Series 355","Model 30",""
1934,"Cadillac","Series 452","NoName",""
1934,"Cadillac","Series 370","NoName",""
1934,"Chevrolet","Delivery","NoName",""
1934,"Chevrolet","Master","NoName",""
1934,"Chevrolet","Pickup","NoName","Regular Cab Pickup"
1934,"Chevrolet","Standard","NoName",""
1934,"Chrysler","Airflow","NoName",""
1934,"Chrysler","CA","NoName",""
1934,"Chrysler","CB","NoName",""
1934,"Chrysler","Imperial","Custom",""
1934,"Chrysler","Series CV","NoName",""
1934,"Dodge","Commercial","HCL Series",""
1934,"Dodge","Commercial","HC Series",""
1934,"Dodge","DR","NoName",""
1934,"Dodge","DS","NoName",""
1934,"Dodge","DRXX","NoName",""
1934,"Dodge","Delivery","HCL Series",""
1934,"Dodge","Delivery","HC Series",""
1934,"Dodge","Delivery","NoName",""
1934,"Dodge","Panel","HCL Series",""
1934,"Dodge","Panel","HC Series",""
1934,"Dodge","Pickup","HCL Series","Regular Cab Pickup"
1934,"Dodge","Pickup","HC Series","Regular Cab Pickup"
1934,"Ford","Model 40","NoName",""
1934,"Ford","Phaeton","NoName","Convertible"
1934,"GMC","Panel","NoName",""
1934,"GMC","Pickup","NoName","Regular Cab Pickup"
1934,"Lincoln","Model KA","NoName",""
1934,"Lincoln","Model KB","NoName",""
1934,"Oldsmobile","Model F-34","NoName",""
1934,"Oldsmobile","Model L-34","NoName",""
1934,"Plymouth","DeLuxe PE","Deluxe",""
1934,"Plymouth","Standard PF","Standard",""
1934,"Plymouth","Special PF","Special",""
1934,"Plymouth","Standard PG","Standard",""
1934,"Pontiac","Model 603","NoName",""
1934,"Rolls-Royce","Phantom III","NoName","Sedan"
1934,"Desoto","Airflow","SE",""
1934,"Hudson","Challenger Eight","Series LTS",""
1934,"Hudson","DeLuxe Eight","Series LUU",""
1934,"Hudson","Delivery","NoName",""
1934,"Hudson","DeLuxe","Series LU",""
1934,"Hudson","Pickup","NoName",""
1934,"Hudson","Standard Eight","Series LT",""
1934,"Hudson","Standard Eight","Series LUU",""
1934,"LaSalle","350","NoName",""
1934,"Nash","Advanced Eight","NoName",""
1934,"Nash","Ambassador","NoName",""
1934,"Nash","Big Six","NoName",""
1934,"Nash","Lafayette","Series 110",""
1934,"Packard","Dietrich","Model 1105",""
1934,"Packard","Dietrich","Model 1108",""
1934,"Packard","Eight","Model 1100",""
1934,"Packard","Eight","Model 1102",""
1934,"Packard","LeBaron","Model 1105",""
1934,"Packard","LeBaron","Model 1106",""
1934,"Packard","LeBaron","Model 1108",""
1934,"Packard","Super Eight","Model 1103",""
1934,"Packard","Super Eight","Model 1105",""
1934,"Packard","Super Eight","Model 1104",""
1934,"Packard","Twelve","Model 1107",""
1934,"Packard","Twelve","Model 1108",""
1934,"Studebaker","Commander","NoName",""
1934,"Studebaker","Dictator","Model Special A",""
1934,"Studebaker","Dictator","NoName",""
1934,"Studebaker","President","NoName",""
1934,"International","A-1","Canopy","SUV"
1934,"International","A-1","Panel","SUV"
1934,"International","A-1","Screen","SUV"
1934,"International","A-1","NoName","Regular Cab Pickup"
1934,"International","C-1","NoName","Regular Cab Pickup"
1934,"International","D-1","Canopy","SUV"
1934,"International","D-1","Panel","SUV"
1934,"International","D-1","Screen",""
1934,"International","D-1","NoName","Regular Cab Pickup"
1934,"International","M-2","NoName","Regular Cab Pickup"
1935,"Auburn","Model 6-653","NoName","Coupe"
1935,"Auburn","Model 8-851","NoName","Sedan"
1935,"Hupmobile","Series 518-D","NoName","Sedan"
1935,"Hupmobile","Series 521-J","NoName","Coupe"
1935,"Hupmobile","Series 521-J","NoName","Sedan"
1935,"Hupmobile","Series 527-T","NoName","Coupe"
1935,"Hupmobile","Series 527-T","NoName","Sedan"
1935,"Hupmobile","Series 517-W","NoName","Sedan"
1935,"Hupmobile","Series 521-O","NoName","Coupe"
1935,"Hupmobile","Series 521-O","NoName","Sedan"
1935,"Buick","Century","NoName",""
1935,"Buick","Limited","NoName",""
1935,"Buick","Super","NoName",""
1935,"Buick","Special","NoName",""
1935,"Cadillac","Fleetwood","NoName","Sedan"
1935,"Cadillac","Series 355","Model 10",""
1935,"Cadillac","Series 355","Model 20",""
1935,"Cadillac","Series 355","Model 30",""
1935,"Cadillac","Series 452","NoName",""
1935,"Cadillac","Series 370","NoName",""
1935,"Chevrolet","Master Deluxe","NoName",""
1935,"Chevrolet","Panel","NoName",""
1935,"Chevrolet","Pickup","NoName","Regular Cab Pickup"
1935,"Chevrolet","Sedan Delivery","NoName",""
1935,"Chevrolet","Standard","NoName",""
1935,"Chrysler","Airstream","Deluxe",""
1935,"Chrysler","Airstream","NoName",""
1935,"Chrysler","Airflow","NoName",""
1935,"Chrysler","Imperial","Custom",""
1935,"Dodge","Commercial","Series KC",""
1935,"Dodge","DU","NoName",""
1935,"Dodge","Delivery","Series KC",""
1935,"Dodge","Pickup","NoName","Regular Cab Pickup"
1935,"Dodge","Screen","Series KC",""
1935,"Dodge","Suburban","Series KC",""
1935,"Ford","Model 48","NoName",""
1935,"Ford","Panel","NoName","Regular Cab Pickup"
1935,"Ford","Pickup","NoName","Regular Cab Pickup"
1935,"Ford","Sedan Delivery","NoName","Regular Cab Pickup"
1935,"GMC","Panel","NoName",""
1935,"GMC","Pickup","NoName","Regular Cab Pickup"
1935,"Lincoln","Model K","NoName",""
1935,"Oldsmobile","Model F-35","NoName",""
1935,"Oldsmobile","Model L-35","NoName",""
1935,"Plymouth","Business PJ","Business",""
1935,"Plymouth","DeLuxe PJ","Deluxe",""
1935,"Pontiac","6AA","Deluxe",""
1935,"Pontiac","6AB","Standard",""
1935,"Pontiac","Imperial Eight","NoName",""
1935,"Rolls-Royce","Phantom III","NoName","Sedan"
1935,"Desoto","Airstream","SF",""
1935,"Desoto","Airflow","SG",""
1935,"Hudson","Big Six","Series GH",""
1935,"Hudson","Custom Eight","Series HHU",""
1935,"Hudson","DeLuxe Eight","Series HUL",""
1935,"Hudson","DeLuxe Eight","Series HU",""
1935,"Hudson","Delivery","NoName",""
1935,"Hudson","Pickup","NoName",""
1935,"Hudson","Special Eight","Series HTL",""
1935,"Hudson","Special Eight","Series HT",""
1935,"LaSalle","50","NoName","Sedan"
1935,"Nash","Advanced","NoName",""
1935,"Nash","Ambassador","NoName",""
1935,"Nash","Lafayette","NoName",""
1935,"Packard","1200","NoName",""
1935,"Packard","1202","NoName",""
1935,"Packard","1208","NoName",""
1935,"Packard","120","NoName",""
1935,"Packard","1201","NoName",""
1935,"Packard","1207","NoName",""
1935,"Packard","Super","Model 1204",""
1935,"Packard","Super","Model 1203",""
1935,"Packard","Super","Model 1205",""
1935,"Studebaker","Commander","NoName",""
1935,"Studebaker","Dictator","NoName",""
1935,"Studebaker","President","NoName",""
1935,"International","C-10","NoName","Regular Cab Pickup"
1935,"International","C-1","NoName","Regular Cab Pickup"
1935,"International","M-3","NoName","Regular Cab Pickup"
1936,"Auburn","Model 6-654","NoName","Sedan"
1936,"Auburn","Model 8-852","NoName","Sedan"
1936,"Hupmobile","Series 618-D","NoName","Sedan"
1936,"Hupmobile","Series 621-O","NoName","Coupe"
1936,"Hupmobile","Series 621-O","NoName","Sedan"
1936,"Hupmobile","Series 618-G","NoName","Coupe"
1936,"Hupmobile","Series 618-G","NoName","Sedan"
1936,"Hupmobile","Series 621-N","NoName","Coupe"
1936,"Hupmobile","Series 621-N","NoName","Sedan"
1936,"Buick","Century","NoName",""
1936,"Buick","Limited","NoName",""
1936,"Buick","Roadmaster","NoName","Sedan"
1936,"Buick","Special","NoName",""
1936,"Cadillac","Fleetwood","NoName","Sedan"
1936,"Cadillac","Series 80","NoName",""
1936,"Cadillac","Series 90","NoName",""
1936,"Cadillac","Series 60","NoName",""
1936,"Cadillac","Series 70","NoName",""
1936,"Cadillac","Series 75","NoName",""
1936,"Chevrolet","Coupe Pickup","NoName",""
1936,"Chevrolet","Master Deluxe","NoName",""
1936,"Chevrolet","Panel Delivery","NoName",""
1936,"Chevrolet","Pickup","NoName","Regular Cab Pickup"
1936,"Chevrolet","Sedan Delivery","NoName",""
1936,"Chevrolet","Standard","NoName",""
1936,"Chrysler","Airstream","Deluxe",""
1936,"Chrysler","Airstream","NoName",""
1936,"Chrysler","Airflow","NoName",""
1936,"Chrysler","Imperial","Custom",""
1936,"Dodge","Canopy","NoName",""
1936,"Dodge","Commercial","Series D2",""
1936,"Dodge","Commercial","Series LC",""
1936,"Dodge","D2","NoName",""
1936,"Dodge","Panel","Series LC",""
1936,"Dodge","Pickup","Series LC","Regular Cab Pickup"
1936,"Dodge","Screen","Series LC",""
1936,"Ford","Deluxe","NoName","Sedan"
1936,"Ford","Model 68","NoName",""
1936,"Ford","Panel","NoName","Regular Cab Pickup"
1936,"Ford","Pickup","NoName","Regular Cab Pickup"
1936,"Ford","Sedan Delivery","NoName","Regular Cab Pickup"
1936,"GMC","Panel","NoName",""
1936,"GMC","Pickup","NoName","Regular Cab Pickup"
1936,"Lincoln","Model K","NoName",""
1936,"Lincoln","Zephyr","NoName","Sedan"
1936,"Oldsmobile","Model F-36","NoName",""
1936,"Oldsmobile","Model L-36","NoName",""
1936,"Plymouth","Business","NoName",""
1936,"Plymouth","DeLuxe","NoName",""
1936,"Pontiac","Deluxe Six","NoName",""
1936,"Pontiac","Master Six","NoName",""
1936,"Pontiac","Silver Streak","Deluxe 8",""
1936,"Rolls-Royce","Phantom III","NoName","Sedan"
1936,"Desoto","Airflow III","S-2",""
1936,"Desoto","Airstream","S-1",""
1936,"Hudson","Custom Eight","Series 67",""
1936,"Hudson","Custom Six","Series 63",""
1936,"Hudson","DeLuxe Eight","Series 64",""
1936,"Hudson","DeLuxe Eight","Series 66",""
1936,"Hudson","Delivery","NoName",""
1936,"Hudson","Pickup","NoName",""
1936,"LaSalle","50","NoName","Sedan"
1936,"Nash","400","NoName",""
1936,"Nash","Ambassador Super 8","NoName",""
1936,"Nash","Ambassador","Series 3620",""
1936,"Nash","Lafayette","NoName",""
1936,"Packard","1400","NoName",""
1936,"Packard","1402","NoName",""
1936,"Packard","1407","NoName",""
1936,"Packard","120B","NoName",""
1936,"Packard","1401","NoName",""
1936,"Packard","1403","NoName",""
1936,"Packard","1408","NoName",""
1936,"Packard","Super Eight","NoName",""
1936,"Studebaker","Dictator","NoName",""
1936,"Studebaker","President","NoName",""
1936,"International","C-10","NoName","Regular Cab Pickup"
1936,"International","C-15","NoName","Regular Cab Pickup"
1936,"International","C-1","NoName","Regular Cab Pickup"
1936,"International","C-12","NoName","Regular Cab Pickup"
1936,"International","C-5","NoName","Regular Cab Pickup"
1936,"International","M-3","NoName","Regular Cab Pickup"
1937,"Buick","Century","NoName",""
1937,"Buick","Limited","NoName",""
1937,"Buick","Roadmaster","NoName","Sedan"
1937,"Buick","Special","NoName",""
1937,"Cadillac","Fleetwood","NoName","Sedan"
1937,"Cadillac","Series 65","NoName",""
1937,"Cadillac","Series 90","NoName",""
1937,"Cadillac","Series 60","NoName",""
1937,"Cadillac","Series 70","NoName",""
1937,"Cadillac","Series 75","NoName",""
1937,"Cadillac","Series 85","NoName",""
1937,"Chevrolet","Canopy Express","NoName",""
1937,"Chevrolet","Master","NoName",""
1937,"Chevrolet","Master Deluxe","NoName",""
1937,"Chevrolet","Panel","NoName",""
1937,"Chevrolet","Pickup","NoName","Regular Cab Pickup"
1937,"Chevrolet","Sedan Delivery","NoName",""
1937,"Chevrolet","Suburban","NoName","SUV"
1937,"Chrysler","Airflow","NoName",""
1937,"Chrysler","Imperial","Custom",""
1937,"Chrysler","Imperial","NoName",""
1937,"Chrysler","Royal","NoName",""
1937,"Dodge","Canopy","Series MC",""
1937,"Dodge","Commercial","NoName",""
1937,"Dodge","D5","NoName",""
1937,"Dodge","Panel","Series MC",""
1937,"Dodge","Pickup","Series MC","Regular Cab Pickup"
1937,"Dodge","Screen","Series MC",""
1937,"Dodge","Station Wagon","Series MC","Wagon"
1937,"Ford","Deluxe","NoName","Sedan"
1937,"Ford","Model 78","NoName",""
1937,"Ford","Model 74","NoName",""
1937,"Ford","Panel","NoName","Regular Cab Pickup"
1937,"Ford","Pickup","NoName","Regular Cab Pickup"
1937,"Ford","Sedan Delivery","NoName","Regular Cab Pickup"
1937,"GMC","Panel","NoName",""
1937,"GMC","Pickup","NoName","Regular Cab Pickup"
1937,"Lincoln","Model K","NoName",""
1937,"Lincoln","Zephyr","NoName","Sedan"
1937,"Oldsmobile","Model F-37","NoName",""
1937,"Oldsmobile","Model L-37","NoName",""
1937,"Plymouth","Business","NoName",""
1937,"Plymouth","DeLuxe","NoName",""
1937,"Plymouth","Pickup","NoName","Regular Cab Pickup"
1937,"Plymouth","Sedan Delivery","NoName",""
1937,"Pontiac","Model 6CA","Deluxe",""
1937,"Pontiac","Model 88A","Deluxe",""
1937,"Rolls-Royce","Phantom III","NoName","Sedan"
1937,"Desoto","Airstream","S-3",""
1937,"Hudson","Custom Eight","Series 75",""
1937,"Hudson","Custom Eight","Series 77",""
1937,"Hudson","Custom Six","Series 73",""
1937,"Hudson","DeLuxe Eight","Series 74",""
1937,"Hudson","DeLuxe Eight","Series 76",""
1937,"Hudson","Delivery","NoName",""
1937,"Hudson","Pickup","NoName",""
1937,"Hudson","Utility","NoName",""
1937,"LaSalle","50","NoName","Sedan"
1937,"Nash","Ambassador 6","NoName",""
1937,"Nash","Lafayette 400","NoName",""
1937,"Packard","120C","NoName",""
1937,"Packard","115C","NoName",""
1937,"Packard","138CD","NoName",""
1937,"Packard","120CD","NoName",""
1937,"Packard","1506","V-12",""
1937,"Packard","1508","V-12",""
1937,"Packard","1507","V-12",""
1937,"Packard","Super Eight","Model 1502",""
1937,"Studebaker","Dictator","NoName",""
1937,"Studebaker","Pickup","NoName","Regular Cab Pickup"
1937,"Studebaker","President","NoName",""
1937,"International","D-2","NoName","Regular Cab Pickup"
1937,"International","D-15","NoName","Regular Cab Pickup"
1937,"International","D-5","NoName","Regular Cab Pickup"
1938,"Hupmobile","Series 822-E","NoName","Sedan"
1938,"Hupmobile","Series 825-H","NoName","Sedan"
1938,"Hupmobile","Series 822-ES","NoName","Sedan"
1938,"Buick","Century","NoName",""
1938,"Buick","Limited","NoName",""
1938,"Buick","Roadmaster","NoName","Sedan"
1938,"Buick","Special","NoName",""
1938,"Cadillac","Fleetwood","NoName","Sedan"
1938,"Cadillac","Series 65","NoName",""
1938,"Cadillac","Series 90","NoName",""
1938,"Cadillac","Series 60","Special",""
1938,"Cadillac","Series 60","NoName",""
1938,"Cadillac","Series 75","NoName",""
1938,"Chevrolet","Canopy Express","NoName",""
1938,"Chevrolet","Coupe Pickup","NoName",""
1938,"Chevrolet","Master","NoName",""
1938,"Chevrolet","Master Deluxe","NoName",""
1938,"Chevrolet","Panel","NoName",""
1938,"Chevrolet","Pickup","NoName","Regular Cab Pickup"
1938,"Chevrolet","Sedan Delivery","NoName",""
1938,"Chevrolet","Suburban","NoName","SUV"
1938,"Chrysler","Imperial","Custom",""
1938,"Chrysler","Imperial","NoName",""
1938,"Chrysler","New York Special","NoName",""
1938,"Chrysler","Royal","NoName",""
1938,"Dodge","Canopy","Series RC",""
1938,"Dodge","Commercial","Series RC",""
1938,"Dodge","D8","NoName",""
1938,"Dodge","Express 1500","Series RC",""
1938,"Dodge","Panel","Series RC",""
1938,"Dodge","Pickup","Series RC","Regular Cab Pickup"
1938,"Ford","Deluxe","NoName","Sedan"
1938,"Ford","Model 82A","Standard",""
1938,"Ford","Model 81A","Deluxe",""
1938,"Ford","Panel","NoName","Regular Cab Pickup"
1938,"Ford","Pickup","NoName","Regular Cab Pickup"
1938,"Ford","Sedan Delivery","NoName","Regular Cab Pickup"
1938,"GMC","Panel","NoName",""
1938,"GMC","Pickup","NoName","Regular Cab Pickup"
1938,"Lincoln","Model K","NoName",""
1938,"Lincoln","Zephyr","NoName","Sedan"
1938,"Oldsmobile","Model F-38","NoName",""
1938,"Oldsmobile","Model L-38","NoName",""
1938,"Plymouth","DeLuxe","NoName",""
1938,"Plymouth","Pickup","NoName","Regular Cab Pickup"
1938,"Plymouth","Roadking","Business",""
1938,"Plymouth","Sedan Delivery","NoName",""
1938,"Pontiac","Model 6DA","Deluxe",""
1938,"Pontiac","Model 8DA","Deluxe",""
1938,"Rolls-Royce","Phantom III","NoName","Sedan"
1938,"Desoto","S-5","NoName",""
1938,"Hudson","Country Club","Series 87",""
1938,"Hudson","Custom","Series 83",""
1938,"Hudson","Custom","Series 85",""
1938,"Hudson","Delivery","NoName",""
1938,"Hudson","DeLuxe","Series 84",""
1938,"Hudson","DeLuxe","Series 89",""
1938,"Hudson","Pickup","NoName",""
1938,"Hudson","Standard","Series 89",""
1938,"Hudson","Utility","Series 89",""
1938,"LaSalle","50","NoName","Sedan"
1938,"Nash","Ambassador","NoName",""
1938,"Nash","DeLuxe","NoName",""
1938,"Nash","Lafayette","NoName",""
1938,"Packard","1601","NoName",""
1938,"Packard","1602","NoName",""
1938,"Packard","1607","NoName",""
1938,"Packard","1608","NoName",""
1938,"Packard","1600","NoName",""
1938,"Packard","1601D","NoName",""
1938,"Packard","1603","NoName",""
1938,"Packard","1607-8 V-12","V-12",""
1938,"Packard","Super","Model 1605",""
1938,"Packard","Super Eight","Model 1604",""
1938,"Studebaker","Commander","NoName",""
1938,"Studebaker","Pickup","NoName","Regular Cab Pickup"
1938,"Studebaker","President","NoName",""
1938,"Studebaker","State President","NoName",""
1938,"Studebaker","State Commander","NoName",""
1938,"International","D-2","NoName","Regular Cab Pickup"
1938,"International","D-15","NoName","Regular Cab Pickup"
1938,"International","D-5","NoName","Regular Cab Pickup"
1938,"Willys","38","Pickup","Regular Cab Pickup"
1939,"Hupmobile","Model E","NoName","Sedan"
1939,"Hupmobile","Model H","NoName","Sedan"
1939,"Hupmobile","Model R","NoName","Sedan"
1939,"Buick","Century","NoName",""
1939,"Buick","Limited","NoName",""
1939,"Buick","Roadmaster","NoName","Sedan"
1939,"Buick","Special","NoName",""
1939,"Cadillac","Fleetwood","NoName","Sedan"
1939,"Cadillac","Series 90","NoName",""
1939,"Cadillac","Series 60","Special",""
1939,"Cadillac","Series 61","NoName",""
1939,"Cadillac","Series 75","NoName",""
1939,"Chevrolet","Canopy Express","NoName",""
1939,"Chevrolet","Coupe Pickup","NoName",""
1939,"Chevrolet","Master Deluxe","NoName",""
1939,"Chevrolet","Master 85","NoName",""
1939,"Chevrolet","Panel","NoName",""
1939,"Chevrolet","Pickup","NoName","Regular Cab Pickup"
1939,"Chevrolet","Sedan Delivery","NoName",""
1939,"Chevrolet","Suburban","NoName","SUV"
1939,"Chrysler","Imperial","NoName",""
1939,"Chrysler","New Yorker","NoName",""
1939,"Chrysler","Royal","NoName",""
1939,"Chrysler","Saratoga","NoName",""
1939,"Chrysler","Traveler","NoName",""
1939,"Chrysler","Windsor","NoName",""
1939,"Dodge","Canopy","Series TC",""
1939,"Dodge","Deluxe","NoName",""
1939,"Dodge","Panel","Series TC",""
1939,"Dodge","Pickup","Series TC","Regular Cab Pickup"
1939,"Dodge","Screen","Series TC",""
1939,"Dodge","Special","D11",""
1939,"Ford","Deluxe","NoName","Sedan"
1939,"Ford","Model 922A","Standard",""
1939,"Ford","Model 91A","Deluxe",""
1939,"Ford","Model 91A","NoName",""
1939,"Ford","Panel","NoName","Regular Cab Pickup"
1939,"Ford","Pickup","NoName","Regular Cab Pickup"
1939,"Ford","Sedan Delivery","NoName","Regular Cab Pickup"
1939,"GMC","Panel","NoName",""
1939,"GMC","Pickup","NoName","Regular Cab Pickup"
1939,"Lincoln","Model K","NoName",""
1939,"Lincoln","Zephyr","NoName","Sedan"
1939,"Mercury","Series 99A","NoName",""
1939,"Oldsmobile","Model F-39","NoName",""
1939,"Oldsmobile","Model G-39","NoName",""
1939,"Oldsmobile","Model L-39","NoName",""
1939,"Plymouth","DeLuxe","NoName",""
1939,"Plymouth","Panel Delivery","NoName",""
1939,"Plymouth","Pickup","NoName","Regular Cab Pickup"
1939,"Plymouth","Roadking","NoName",""
1939,"Plymouth","Sedan Delivery","NoName",""
1939,"Pontiac","Deluxe 120","NoName",""
1939,"Pontiac","Model 28","NoName",""
1939,"Pontiac","Quality 115","NoName",""
1939,"Rolls-Royce","Phantom III","NoName","Sedan"
1939,"Desoto","Custom","S-6",""
1939,"Desoto","DeLuxe","S-6",""
1939,"Hudson","Big Boy","Series 98",""
1939,"Hudson","Country Club","Series 93",""
1939,"Hudson","Country Club Eight","Series 97",""
1939,"Hudson","Country Club Eight","Series 95",""
1939,"Hudson","Delivery","NoName",""
1939,"Hudson","DeLuxe Six","Series 90",""
1939,"Hudson","Pacemaker","Series 91",""
1939,"Hudson","Panel","NoName",""
1939,"Hudson","Pickup","NoName",""
1939,"Hudson","Six","Series 92",""
1939,"LaSalle","50","NoName","Sedan"
1939,"Nash","Ambassador","NoName",""
1939,"Nash","Lafayette","NoName",""
1939,"Packard","120","NoName",""
1939,"Packard","1707","NoName",""
1939,"Packard","1700","NoName",""
1939,"Packard","1708","NoName",""
1939,"Packard","Super","Model 1705",""
1939,"Packard","Super","Model 1703",""
1939,"Studebaker","Champion","NoName",""
1939,"Studebaker","Commander","NoName",""
1939,"Studebaker","Pickup","NoName","Regular Cab Pickup"
1939,"Studebaker","State President","NoName",""
1939,"International","D-2","Canopy",""
1939,"International","D-2","DB Body",""
1939,"International","D-2","DM Body",""
1939,"International","D-2","Express",""
1939,"International","D-2","Panel",""
1939,"International","D-2","Stake",""
1939,"International","D-2","Station Wagon",""
1939,"International","D-2","NoName","Regular Cab Pickup"
1939,"International","D-15","Canopy",""
1939,"International","D-15","DB Body",""
1939,"International","D-15","DM Body",""
1939,"International","D-15","Express",""
1939,"International","D-15","Panel",""
1939,"International","D-15","Stake",""
1939,"International","D-15","Stordor",""
1939,"International","D-15","NoName","Regular Cab Pickup"
1939,"International","D-5","Canopy",""
1939,"International","D-5","DB Body",""
1939,"International","D-5","DM Body",""
1939,"International","D-5","Express",""
1939,"International","D-5","Panel",""
1939,"International","D-5","Stake",""
1939,"International","D-5","NoName","Regular Cab Pickup"
1940,"Hupmobile","Skylark","NoName","Sedan"
1940,"Buick","Century","NoName",""
1940,"Buick","Limited","NoName",""
1940,"Buick","Roadmaster","NoName","Sedan"
1940,"Buick","Super","NoName",""
1940,"Buick","Special","NoName",""
1940,"Cadillac","Fleetwood","NoName","Sedan"
1940,"Cadillac","Series 62","NoName",""
1940,"Cadillac","Series 72","NoName",""
1940,"Cadillac","Series 90","NoName",""
1940,"Cadillac","Series 60","NoName",""
1940,"Cadillac","Series 75","NoName",""
1940,"Chevrolet","Coupe Pickup","NoName",""
1940,"Chevrolet","Master Deluxe","NoName",""
1940,"Chevrolet","Master 85","NoName",""
1940,"Chevrolet","Sedan Delivery","NoName",""
1940,"Chevrolet","Special Deluxe","NoName",""
1940,"Chrysler","Highlander","NoName",""
1940,"Chrysler","Imperial","NoName",""
1940,"Chrysler","New Yorker","NoName",""
1940,"Chrysler","Royal","NoName",""
1940,"Chrysler","Saratoga","NoName",""
1940,"Chrysler","Traveler","NoName",""
1940,"Chrysler","Windsor","NoName",""
1940,"Dodge","Canopy","Series VC",""
1940,"Dodge","Deluxe","D14",""
1940,"Dodge","Panel","Series VC",""
1940,"Dodge","Pickup","Series VC","Regular Cab Pickup"
1940,"Dodge","Screen","Series VC",""
1940,"Dodge","Special","D17",""
1940,"Ford","Deluxe","NoName","Sedan"
1940,"Ford","Model 01A","NoName",""
1940,"Ford","Model 022A","NoName",""
1940,"Ford","Panel","NoName","Regular Cab Pickup"
1940,"Ford","Pickup","NoName","Regular Cab Pickup"
1940,"Ford","Sedan Delivery","NoName","Regular Cab Pickup"
1940,"GMC","Delivery","NoName",""
1940,"GMC","Panel","NoName",""
1940,"GMC","Pickup","NoName","Regular Cab Pickup"
1940,"GMC","Suburban","NoName","SUV"
1940,"Lincoln","Continental","NoName","Coupe"
1940,"Lincoln","Model K","NoName",""
1940,"Lincoln","Zephyr","NoName","Sedan"
1940,"Mercury","Colony Park","NoName","Wagon"
1940,"Mercury","Series 09A","NoName",""
1940,"Oldsmobile","Model F-40","NoName",""
1940,"Oldsmobile","Model G-40","NoName",""
1940,"Oldsmobile","Model L-40","NoName",""
1940,"Plymouth","DeLuxe","NoName",""
1940,"Plymouth","Panel Delivery","NoName",""
1940,"Plymouth","Pickup","NoName","Regular Cab Pickup"
1940,"Plymouth","Roadking","NoName",""
1940,"Pontiac","29","NoName",""
1940,"Pontiac","Deluxe 26","NoName",""
1940,"Pontiac","Deluxe 28","NoName",""
1940,"Pontiac","Special 25","NoName",""
1940,"Pontiac","Torpedo 29","NoName",""
1940,"Desoto","Custom","S-7",""
1940,"Desoto","DeLuxe","S-7",""
1940,"Hudson","Big Boy","Series 48",""
1940,"Hudson","Country Club","Series 43",""
1940,"Hudson","Country Club Eight","Series 47",""
1940,"Hudson","Delivery","NoName",""
1940,"Hudson","DeLuxe","Series 45",""
1940,"Hudson","DeLuxe","Series 40-P",""
1940,"Hudson","Eight","Series 44",""
1940,"Hudson","Pickup","NoName",""
1940,"Hudson","Super Six","Series 41",""
1940,"Hudson","Traveler","Series 40-T",""
1940,"LaSalle","50","NoName","Sedan"
1940,"LaSalle","52","NoName",""
1940,"Nash","Ambassador","NoName",""
1940,"Nash","Lafayette","Series 4010",""
1940,"Packard","110","Model 1800",""
1940,"Packard","120","Model 1801",""
1940,"Packard","160","Model 1805",""
1940,"Packard","180","Model 1806",""
1940,"Packard","180","Model 1808",""
1940,"Packard","180","Model 1807",""
1940,"Packard","Deluxe","Model 1801",""
1940,"Packard","Super","Model 1803",""
1940,"Packard","Super Eight","Model 1804",""
1940,"Studebaker","Champion","Custom",""
1940,"Studebaker","Champion","Custom Deluxe",""
1940,"Studebaker","Commander","NoName",""
1940,"Studebaker","Pickup","NoName","Regular Cab Pickup"
1940,"Studebaker","State President","NoName",""
1940,"International","D15","NoName","Regular Cab Pickup"
1940,"International","D15H","Canopy",""
1940,"International","D15H","Panel",""
1940,"International","D15H","Stake",""
1940,"International","D15H","NoName","Regular Cab Pickup"
1940,"International","D15LL","Canopy",""
1940,"International","D15LL","Panel",""
1940,"International","D15LL","Stake",""
1940,"International","D15LL","NoName","Regular Cab Pickup"
1940,"International","D15L","NoName","Regular Cab Pickup"
1940,"International","D15M","Panel",""
1940,"International","D29","NoName","Regular Cab Pickup"
1941,"Hupmobile","115-R Skylark","NoName","Sedan"
1941,"Buick","Century","NoName",""
1941,"Buick","Limited","NoName",""
1941,"Buick","Roadmaster","NoName","Sedan"
1941,"Buick","Super","NoName",""
1941,"Buick","Special","NoName",""
1941,"Cadillac","Fleetwood","NoName","Sedan"
1941,"Cadillac","Series 62","NoName",""
1941,"Cadillac","Series 67","NoName",""
1941,"Cadillac","Series 60","NoName",""
1941,"Cadillac","Series 61","NoName",""
1941,"Cadillac","Series 63","NoName",""
1941,"Cadillac","Series 75","NoName",""
1941,"Chevrolet","Coupe Pickup","NoName",""
1941,"Chevrolet","Master Deluxe","NoName",""
1941,"Chevrolet","Panel Delivery","NoName",""
1941,"Chevrolet","Pickup","NoName","Regular Cab Pickup"
1941,"Chevrolet","Sedan Delivery","NoName",""
1941,"Chevrolet","Special Deluxe","NoName",""
1941,"Chrysler","Highlander","NoName",""
1941,"Chrysler","Imperial","NoName",""
1941,"Chrysler","New Yorker","NoName",""
1941,"Chrysler","Royal","NoName",""
1941,"Chrysler","Saratoga","NoName",""
1941,"Chrysler","Town & Country","NoName",""
1941,"Chrysler","Windsor","NoName",""
1941,"Dodge","Canopy","Series WC",""
1941,"Dodge","Custom","D19",""
1941,"Dodge","Deluxe","D19",""
1941,"Dodge","Panel","Series WC",""
1941,"Dodge","Pickup","Series WC","Regular Cab Pickup"
1941,"Dodge","Screen","Series WC",""
1941,"Ford","Deluxe","NoName",""
1941,"Ford","Model 11A","Special",""
1941,"Ford","Panel","NoName","Regular Cab Pickup"
1941,"Ford","Pickup","NoName","Regular Cab Pickup"
1941,"Ford","Super Deluxe","NoName",""
1941,"GMC","Panel","NoName",""
1941,"GMC","Pickup","NoName","Regular Cab Pickup"
1941,"Lincoln","Continental","NoName","Sedan"
1941,"Lincoln","Custom","NoName",""
1941,"Lincoln","Zephyr","NoName","Sedan"
1941,"Mercury","Series 19A","NoName",""
1941,"Oldsmobile","Model 66","NoName",""
1941,"Oldsmobile","Model 76","NoName",""
1941,"Oldsmobile","Model 78","NoName",""
1941,"Oldsmobile","Model 98","NoName",""
1941,"Oldsmobile","Model 68","NoName",""
1941,"Oldsmobile","Model 96","NoName",""
1941,"Plymouth","DeLuxe","NoName",""
1941,"Plymouth","Panel Delivery","NoName",""
1941,"Plymouth","Pickup","NoName","Regular Cab Pickup"
1941,"Plymouth","Special DeLuxe","NoName",""
1941,"Plymouth","Standard","NoName",""
1941,"Pontiac","Streamliner","Super",""
1941,"Pontiac","Torpedo JA","Deluxe",""
1941,"Pontiac","Torpedo JC","Custom",""
1941,"Pontiac","Torpedo JB","Streamline",""
1941,"Desoto","Custom","S-8",""
1941,"Desoto","DeLuxe","S-8",""
1941,"Hudson","Big Boy","Series 18",""
1941,"Hudson","Commodore","Series 15",""
1941,"Hudson","Commodore","Series 12",""
1941,"Hudson","Commodore","Series 14",""
1941,"Hudson","Commodore","Series 17",""
1941,"Hudson","Delivery","NoName",""
1941,"Hudson","DeLuxe","Series 10-P",""
1941,"Hudson","Panel","NoName",""
1941,"Hudson","Pickup","NoName",""
1941,"Hudson","Super","Series 11",""
1941,"Hudson","Traveler","Series 10-T",""
1941,"Hudson","Utility","Series 10-C",""
1941,"Nash","600","NoName",""
1941,"Nash","Ambassador","NoName",""
1941,"Packard","110","Model 1900",""
1941,"Packard","120","Model 1901",""
1941,"Packard","160","Model 1904",""
1941,"Packard","160","Model 1903",""
1941,"Packard","180","Model 1906",""
1941,"Packard","Clipper","Model 1951",""
1941,"Packard","Deluxe","Model 1900",""
1941,"Packard","Super Eight","Model 1908",""
1941,"Packard","Super Eight","Model 1905",""
1941,"Packard","Super Eight","Model 1907",""
1941,"Studebaker","Champion","Custom",""
1941,"Studebaker","Champion","Custom Deluxe",""
1941,"Studebaker","Champion","Custom Deluxe Tone",""
1941,"Studebaker","Commander","Custom",""
1941,"Studebaker","Commander","Deluxe-Tone",""
1941,"Studebaker","Commander","Skyway",""
1941,"Studebaker","Pickup","NoName","Regular Cab Pickup"
1941,"Studebaker","President","Custom",""
1941,"Studebaker","President","Deluxe-Tone",""
1941,"Studebaker","President","Skyway",""
1941,"International","D-2M","NoName","Regular Cab Pickup"
1941,"International","D15M","NoName","Regular Cab Pickup"
1941,"International","K-1M","NoName","Regular Cab Pickup"
1941,"International","K-3","NoName","Regular Cab Pickup"
1941,"International","KB-1","NoName","Regular Cab Pickup"
1941,"International","KB-2","NoName","Regular Cab Pickup"
1941,"International","KM-1","NoName","Regular Cab Pickup"
1941,"International","K-1","NoName","Regular Cab Pickup"
1941,"International","K-2","NoName","Regular Cab Pickup"
1941,"International","K-3M","NoName","Regular Cab Pickup"
1941,"International","KM-3","NoName","Regular Cab Pickup"
1942,"Buick","Century","NoName",""
1942,"Buick","Limited","NoName",""
1942,"Buick","Roadmaster","NoName","Sedan"
1942,"Buick","Super","NoName",""
1942,"Buick","Special","NoName",""
1942,"Cadillac","Fleetwood","NoName","Sedan"
1942,"Cadillac","Series 62","NoName",""
1942,"Cadillac","Series 67","NoName",""
1942,"Cadillac","Series 60","NoName",""
1942,"Cadillac","Series 61","NoName",""
1942,"Cadillac","Series 63","NoName",""
1942,"Cadillac","Series 75","NoName",""
1942,"Chevrolet","Canopy Express","NoName",""
1942,"Chevrolet","Coupe Pickup","NoName",""
1942,"Chevrolet","Fleetline","NoName",""
1942,"Chevrolet","Master Deluxe","NoName",""
1942,"Chevrolet","Panel","NoName",""
1942,"Chevrolet","Pickup","NoName","Regular Cab Pickup"
1942,"Chevrolet","Sedan Delivery","NoName",""
1942,"Chevrolet","Suburban","NoName","SUV"
1942,"Chrysler","Imperial","NoName",""
1942,"Chrysler","New Yorker","NoName",""
1942,"Chrysler","Royal","NoName",""
1942,"Chrysler","Saratoga","NoName",""
1942,"Chrysler","Town & Country","NoName",""
1942,"Chrysler","Windsor","NoName",""
1942,"Dodge","Canopy","Series WC",""
1942,"Dodge","Custom","NoName",""
1942,"Dodge","Deluxe","D22",""
1942,"Dodge","Panel","Series WC",""
1942,"Dodge","Pickup","Series WC","Regular Cab Pickup"
1942,"Dodge","Screen","Series WC",""
1942,"Ford","Model 21A","Deluxe",""
1942,"Ford","Model 21A","Super Deluxe",""
1942,"Ford","Model 2GA","Deluxe",""
1942,"Ford","Model 2GA","Special",""
1942,"Ford","Model 2GA","Super Deluxe",""
1942,"Ford","Panel","NoName","Regular Cab Pickup"
1942,"Ford","Pickup","NoName","Regular Cab Pickup"
1942,"Ford","Sedan Delivery","NoName","Regular Cab Pickup"
1942,"GMC","Panel","NoName",""
1942,"GMC","Pickup","NoName","Regular Cab Pickup"
1942,"GMC","Screen","NoName",""
1942,"GMC","Suburban","NoName","SUV"
1942,"Lincoln","Continental","NoName","Sedan"
1942,"Lincoln","Custom","NoName",""
1942,"Lincoln","Zephyr","NoName","Sedan"
1942,"Mercury","Series 29A","NoName",""
1942,"Oldsmobile","Custom 98","NoName","Sedan"
1942,"Oldsmobile","Dynamic 76","NoName",""
1942,"Oldsmobile","Dynamic 78","NoName",""
1942,"Oldsmobile","Special 66","NoName",""
1942,"Oldsmobile","Special 68","NoName",""
1942,"Plymouth","DeLuxe","NoName",""
1942,"Plymouth","Special DeLuxe","NoName",""
1942,"Pontiac","Chieftain","NoName",""
1942,"Pontiac","Streamliner","KB",""
1942,"Pontiac","Torpedo","KA",""
1942,"Desoto","Custom","S-10",""
1942,"Desoto","DeLuxe","S-10",""
1942,"Hudson","Pickup","NoName",""
1942,"Nash","600","NoName",""
1942,"Nash","Ambassador","Series 4280",""
1942,"Nash","Ambassador","NoName",""
1942,"Packard","160","NoName",""
1942,"Packard","2011","Model 2011",""
1942,"Packard","2010","Model 2010",""
1942,"Packard","2021","Model 2021",""
1942,"Packard","Clipper","Model 2000",""
1942,"Packard","Clipper","Model 2001",""
1942,"Packard","Clipper","Super",""
1942,"Packard","Custom","Model 2020",""
1942,"Packard","Super Eight","NoName",""
1942,"Studebaker","Champion","Custom",""
1942,"Studebaker","Champion","Deluxe Style",""
1942,"Studebaker","Commander","Custom",""
1942,"Studebaker","Commander","Deluxe Style",""
1942,"Studebaker","Commander","Skyway",""
1942,"Studebaker","Pickup","NoName","Regular Cab Pickup"
1942,"Studebaker","President","Custom",""
1942,"Studebaker","President","Deluxe Style",""
1942,"Studebaker","President","Skyway",""
1942,"International","D-2M","NoName","Regular Cab Pickup"
1942,"International","D15M","NoName","Regular Cab Pickup"
1942,"International","K-1M","NoName","Regular Cab Pickup"
1942,"International","K-3","NoName","Regular Cab Pickup"
1942,"International","KB-1","NoName","Regular Cab Pickup"
1942,"International","KB-2","NoName","Regular Cab Pickup"
1942,"International","KM-1","NoName","Regular Cab Pickup"
1942,"International","K-1","NoName","Regular Cab Pickup"
1942,"International","K-2","NoName","Regular Cab Pickup"
1942,"International","K-3M","NoName","Regular Cab Pickup"
1942,"International","KM-3","NoName","Regular Cab Pickup"
1943,"Cadillac","Fleetwood","NoName","Sedan"
1943,"Studebaker","Pickup","NoName","Regular Cab Pickup"
1944,"Cadillac","Fleetwood","NoName","Sedan"
1944,"Chevrolet","Pickup","NoName","Regular Cab Pickup"
1944,"Chevrolet","Sedan Delivery","NoName",""
1944,"Ford","Panel","NoName","Regular Cab Pickup"
1944,"Ford","Pickup","NoName","Regular Cab Pickup"
1944,"Studebaker","Pickup","NoName","Regular Cab Pickup"
1945,"Cadillac","Fleetwood","NoName","Sedan"
1945,"Ford","Pickup","NoName","Regular Cab Pickup"
1945,"MG","TC Roadster","NoName","Convertible"
1945,"Citroen","Legere","NoName",""
1945,"Citroen","Normale","NoName",""
1945,"Rover","10","NoName",""
1945,"Rover","12","NoName",""
1945,"Rover","14","NoName",""
1945,"Rover","16","NoName",""
1945,"Studebaker","Pickup","NoName","Regular Cab Pickup"
1946,"Alfa Romeo","6C-2500","NoName",""
1946,"Buick","Roadmaster","NoName","Sedan"
1946,"Buick","Super","NoName",""
1946,"Buick","Special","NoName",""
1946,"Cadillac","Fleetwood","NoName","Sedan"
1946,"Cadillac","Series 62","NoName",""
1946,"Cadillac","Series 60","Special",""
1946,"Cadillac","Series 61","NoName",""
1946,"Cadillac","Series 75","NoName",""
1946,"Chevrolet","Canopy Express","NoName",""
1946,"Chevrolet","Fleetmaster","NoName","Convertible"
1946,"Chevrolet","Fleetmaster","NoName","Coupe"
1946,"Chevrolet","Fleetmaster","NoName","Sedan"
1946,"Chevrolet","Fleetmaster","NoName","Wagon"
1946,"Chevrolet","Panel","NoName",""
1946,"Chevrolet","Pickup","NoName","Regular Cab Pickup"
1946,"Chevrolet","Sedan Delivery","NoName",""
1946,"Chevrolet","Suburban","NoName","SUV"
1946,"Chrysler","Imperial","NoName",""
1946,"Chrysler","New Yorker","NoName",""
1946,"Chrysler","Royal","NoName",""
1946,"Chrysler","Saratoga","NoName",""
1946,"Chrysler","Town & Country","NoName",""
1946,"Chrysler","Windsor","NoName",""
1946,"Dodge","Canopy","Series WC",""
1946,"Dodge","Custom","D24",""
1946,"Dodge","Deluxe","D24",""
1946,"Dodge","Express 1500","Series WC",""
1946,"Dodge","Panel","Series WC",""
1946,"Dodge","Pickup","NoName","Regular Cab Pickup"
1946,"Ford","Coupe","NoName","Coupe"
1946,"Ford","Panel","NoName","Regular Cab Pickup"
1946,"Ford","Pickup","NoName","Regular Cab Pickup"
1946,"Ford","Sedan Delivery","NoName","Regular Cab Pickup"
1946,"Ford","Business Coupe","NoName","Coupe"
1946,"GMC","Panel","NoName",""
1946,"GMC","Pickup","NoName","Regular Cab Pickup"
1946,"Jaguar","Mark","NoName",""
1946,"Jeep","CJ","NoName","SUV"
1946,"Lincoln","Continental","NoName","Convertible"
1946,"Lincoln","Continental","NoName","Coupe"
1946,"Oldsmobile","66","NoName",""
1946,"Oldsmobile","78","NoName",""
1946,"Oldsmobile","76","NoName",""
1946,"Oldsmobile","98","NoName",""
1946,"Plymouth","DeLuxe","NoName",""
1946,"Plymouth","Special DeLuxe","NoName",""
1946,"Pontiac","Streamliner","NoName",""
1946,"Pontiac","Torpedo","NoName",""
1946,"Volkswagen","Beetle (Pre-1980)","NoName","Coupe"
1946,"Renault","4CV","NoName",""
1946,"Renault","Juvaquatre"